-- phpMyAdmin SQL Dump
-- version 5.0.2
-- https://www.phpmyadmin.net/
--
-- Host: 127.0.0.1
-- Generation Time: Jun 17, 2020 at 09:04 PM
-- Server version: 10.4.11-MariaDB
-- PHP Version: 7.4.6

SET SQL_MODE = "NO_AUTO_VALUE_ON_ZERO";
START TRANSACTION;
SET time_zone = "+00:00";


/*!40101 SET @OLD_CHARACTER_SET_CLIENT=@@CHARACTER_SET_CLIENT */;
/*!40101 SET @OLD_CHARACTER_SET_RESULTS=@@CHARACTER_SET_RESULTS */;
/*!40101 SET @OLD_COLLATION_CONNECTION=@@COLLATION_CONNECTION */;
/*!40101 SET NAMES utf8mb4 */;

--
-- Database: `eapi`
--

-- --------------------------------------------------------

--
-- Table structure for table `failed_jobs`
--

CREATE TABLE `failed_jobs` (
  `id` bigint(20) UNSIGNED NOT NULL,
  `connection` text COLLATE utf8mb4_unicode_ci NOT NULL,
  `queue` text COLLATE utf8mb4_unicode_ci NOT NULL,
  `payload` longtext COLLATE utf8mb4_unicode_ci NOT NULL,
  `exception` longtext COLLATE utf8mb4_unicode_ci NOT NULL,
  `failed_at` timestamp NOT NULL DEFAULT current_timestamp()
) ENGINE=InnoDB DEFAULT CHARSET=utf8mb4 COLLATE=utf8mb4_unicode_ci;

-- --------------------------------------------------------

--
-- Table structure for table `migrations`
--

CREATE TABLE `migrations` (
  `id` int(10) UNSIGNED NOT NULL,
  `migration` varchar(255) COLLATE utf8mb4_unicode_ci NOT NULL,
  `batch` int(11) NOT NULL
) ENGINE=InnoDB DEFAULT CHARSET=utf8mb4 COLLATE=utf8mb4_unicode_ci;

--
-- Dumping data for table `migrations`
--

INSERT INTO `migrations` (`id`, `migration`, `batch`) VALUES
(1, '2014_10_12_000000_create_users_table', 1),
(2, '2014_10_12_100000_create_password_resets_table', 1),
(3, '2019_08_19_000000_create_failed_jobs_table', 1),
(4, '2020_06_17_151320_create_products_table', 1),
(5, '2020_06_17_151442_create_reviews_table', 2);

-- --------------------------------------------------------

--
-- Table structure for table `password_resets`
--

CREATE TABLE `password_resets` (
  `email` varchar(255) COLLATE utf8mb4_unicode_ci NOT NULL,
  `token` varchar(255) COLLATE utf8mb4_unicode_ci NOT NULL,
  `created_at` timestamp NULL DEFAULT NULL
) ENGINE=InnoDB DEFAULT CHARSET=utf8mb4 COLLATE=utf8mb4_unicode_ci;

-- --------------------------------------------------------

--
-- Table structure for table `products`
--

CREATE TABLE `products` (
  `id` int(10) UNSIGNED NOT NULL,
  `name` varchar(255) COLLATE utf8mb4_unicode_ci NOT NULL,
  `detail` text COLLATE utf8mb4_unicode_ci NOT NULL,
  `price` int(11) NOT NULL,
  `stock` int(11) NOT NULL,
  `discount` int(11) NOT NULL,
  `created_at` timestamp NULL DEFAULT NULL,
  `updated_at` timestamp NULL DEFAULT NULL
) ENGINE=InnoDB DEFAULT CHARSET=utf8mb4 COLLATE=utf8mb4_unicode_ci;

--
-- Dumping data for table `products`
--

INSERT INTO `products` (`id`, `name`, `detail`, `price`, `stock`, `discount`, `created_at`, `updated_at`) VALUES
(1, 'aliquid', 'Sunt natus iste quos earum officia qui autem. Debitis possimus libero qui voluptatem. Dolores aperiam atque eaque vitae.', 315, 3, 6, '2020-06-17 08:32:22', '2020-06-17 08:32:22'),
(2, 'dignissimos', 'Magni quam sint eos autem nam expedita. Sint rerum sed perspiciatis commodi officia consequatur veniam. Iste porro voluptatibus eos voluptatem dolorum itaque delectus beatae.', 523, 1, 20, '2020-06-17 08:32:22', '2020-06-17 08:32:22'),
(3, 'voluptatum', 'Doloribus dolorum numquam consequatur eum. Ut blanditiis numquam nobis quidem est. Et atque sit cupiditate ea saepe repellendus.', 690, 3, 22, '2020-06-17 08:32:22', '2020-06-17 08:32:22'),
(4, 'dicta', 'Aliquam numquam dolores eius expedita sint sit et. Repellendus minima omnis minus necessitatibus vitae ut itaque dolor. Qui repudiandae molestiae repellat natus omnis aut quo perspiciatis. Et omnis quia adipisci accusamus.', 648, 5, 13, '2020-06-17 08:32:22', '2020-06-17 08:32:22'),
(5, 'saepe', 'Architecto illo dolor id maxime. Natus eveniet veritatis ut quo nulla sed. Perspiciatis praesentium ut quis qui cum autem. Perspiciatis laboriosam aut iure harum harum soluta.', 288, 3, 26, '2020-06-17 08:32:22', '2020-06-17 08:32:22'),
(6, 'dolores', 'Natus et expedita quia culpa. Non rem sint quas aliquam dolorem. Omnis eligendi neque rem. Odio quo dolores ipsa est sed.', 775, 4, 15, '2020-06-17 08:32:22', '2020-06-17 08:32:22'),
(7, 'beatae', 'Corrupti aut voluptatem sit laudantium fuga veritatis facilis. Et doloribus esse nisi consequuntur pariatur doloribus. Voluptas placeat voluptate rerum voluptatem illo. Quidem est accusantium doloremque rerum et sint aliquid.', 228, 5, 23, '2020-06-17 08:32:22', '2020-06-17 08:32:22'),
(8, 'est', 'Dolor qui sit voluptatem earum iure. Eius nihil optio numquam porro. Commodi ut quo iusto accusamus sed nemo placeat. Omnis possimus necessitatibus sit aut et facere.', 695, 3, 13, '2020-06-17 08:32:22', '2020-06-17 08:32:22'),
(9, 'ut', 'Placeat ratione sapiente dicta voluptate. Mollitia et voluptatem ut. Cumque atque et alias aperiam temporibus in rem.', 740, 9, 7, '2020-06-17 08:32:22', '2020-06-17 08:32:22'),
(10, 'sunt', 'Non similique sit sunt molestiae. Nostrum sint quia ab esse et est. Cum quis veniam tempora.', 399, 2, 2, '2020-06-17 08:32:23', '2020-06-17 08:32:23'),
(11, 'velit', 'Neque itaque similique praesentium quos unde earum. Corporis numquam sunt tenetur autem consequatur atque voluptatem porro. Et sapiente suscipit reprehenderit deserunt vel nostrum.', 296, 6, 2, '2020-06-17 08:32:23', '2020-06-17 08:32:23'),
(12, 'corrupti', 'Consequatur itaque et aliquid et accusantium harum. Eveniet autem et magnam est illo vitae. Autem commodi et id aspernatur delectus autem cupiditate. Eos repudiandae et rerum recusandae.', 912, 0, 22, '2020-06-17 08:32:23', '2020-06-17 08:32:23'),
(13, 'culpa', 'Est velit minima beatae voluptatum sequi et aut. Quae modi et cum. Aspernatur ipsum sed sit facilis. Porro sunt velit quia animi pariatur.', 114, 7, 11, '2020-06-17 08:32:23', '2020-06-17 08:32:23'),
(14, 'ad', 'Voluptas nam quam molestiae facilis enim repellat necessitatibus. Sint nulla atque ipsa beatae numquam repudiandae suscipit. Sunt explicabo dolor in et iure quod et.', 490, 1, 17, '2020-06-17 08:32:23', '2020-06-17 08:32:23'),
(15, 'totam', 'Non cumque voluptas minima impedit et a est. Eos minus magnam voluptas ipsum vero nulla dignissimos reprehenderit. Ipsam perspiciatis vitae est eos facere unde reiciendis. Laboriosam iure aliquid ut odio omnis. Ea voluptatem deserunt quia qui.', 875, 7, 27, '2020-06-17 08:32:23', '2020-06-17 08:32:23'),
(16, 'maiores', 'Dicta ut earum ipsa et est vitae. Minus beatae nostrum laudantium dolor ex laudantium.', 759, 2, 16, '2020-06-17 08:32:23', '2020-06-17 08:32:23'),
(17, 'porro', 'Officia veniam ut eaque similique facilis consectetur porro quae. Et quo nisi nostrum qui corporis aliquid corrupti. Mollitia in aut modi maxime ratione qui accusantium. Et aperiam officia nesciunt.', 786, 9, 13, '2020-06-17 08:32:23', '2020-06-17 08:32:23'),
(18, 'natus', 'Aut voluptate a expedita. Recusandae eius velit eum totam autem est. Voluptatum aut sit nemo cumque iste est et voluptatem.', 733, 3, 16, '2020-06-17 08:32:23', '2020-06-17 08:32:23'),
(19, 'illo', 'Ut quam pariatur quos nisi quaerat. Et ut occaecati optio qui quidem quidem esse maxime. Sit et odit maxime sit quia. Quaerat et est aut accusamus dolores molestiae.', 537, 0, 18, '2020-06-17 08:32:23', '2020-06-17 08:32:23'),
(20, 'et', 'Blanditiis minus aut sunt reprehenderit ut accusantium. Corporis quae architecto aliquid voluptas. Voluptatum sint ad odit autem veniam possimus. Minima quasi consequatur eligendi expedita tempore et. Dolorum velit in quia numquam accusantium est.', 567, 3, 14, '2020-06-17 08:32:23', '2020-06-17 08:32:23'),
(21, 'provident', 'Eaque animi quaerat ut. Quia quis et fugit aut. Minus ea consequatur distinctio beatae sequi.', 293, 4, 10, '2020-06-17 08:32:23', '2020-06-17 08:32:23'),
(22, 'harum', 'Voluptatibus qui aut ut beatae consequatur ut. Porro in facere et quia incidunt qui. Quaerat numquam laborum quaerat et ut. Eius similique voluptas dolores accusamus non commodi.', 143, 8, 19, '2020-06-17 08:32:23', '2020-06-17 08:32:23'),
(23, 'autem', 'Vel aliquid explicabo dolore animi porro necessitatibus qui. Dolorum recusandae et consequuntur illum et est omnis. Necessitatibus facilis error similique dolorem eos qui quis. Nam voluptate enim reiciendis ut sapiente nulla eveniet et. Autem aut velit rem dolorum beatae sed rerum deserunt.', 118, 0, 16, '2020-06-17 08:32:23', '2020-06-17 08:32:23'),
(24, 'soluta', 'Rerum blanditiis numquam distinctio commodi molestiae hic. Rem rem ut dolores praesentium nam veniam ut. Ipsum ut non provident voluptatem.', 190, 3, 18, '2020-06-17 08:32:23', '2020-06-17 08:32:23'),
(25, 'iure', 'Aut possimus architecto expedita modi. Harum est consequatur dolores animi mollitia sed et.', 912, 1, 9, '2020-06-17 08:32:23', '2020-06-17 08:32:23'),
(26, 'optio', 'Ullam mollitia eveniet officia soluta ipsa repellendus amet. Incidunt blanditiis hic suscipit deleniti voluptas animi enim. Sed ea laboriosam impedit unde perferendis modi.', 316, 7, 20, '2020-06-17 08:32:23', '2020-06-17 08:32:23'),
(27, 'rerum', 'Minima et doloribus tempora dolorem. Dolores cumque fugiat sed beatae. Fuga eos in eum consectetur ratione quia corporis.', 461, 4, 20, '2020-06-17 08:32:23', '2020-06-17 08:32:23'),
(28, 'ut', 'Omnis aliquam sequi veritatis a quisquam. Magni soluta ullam sed. Vitae velit dolorem molestias deserunt similique placeat.', 228, 3, 14, '2020-06-17 08:32:23', '2020-06-17 08:32:23'),
(29, 'nihil', 'Suscipit libero officia sit voluptas quia. Nisi alias facilis laboriosam sint. Aut est occaecati sit. Tenetur ad sunt est voluptatum impedit ut.', 694, 8, 21, '2020-06-17 08:32:23', '2020-06-17 08:32:23'),
(30, 'ab', 'Totam placeat pariatur molestias odit. Dignissimos temporibus ratione dignissimos qui aut doloribus at. Qui voluptatem repellendus rem nobis ut ut odit.', 630, 4, 6, '2020-06-17 08:32:23', '2020-06-17 08:32:23'),
(31, 'ducimus', 'Nesciunt officiis saepe dolor quia ut exercitationem commodi quibusdam. Et fugit facilis quidem repellendus. A reiciendis accusantium soluta temporibus accusantium iure.', 501, 3, 21, '2020-06-17 08:32:23', '2020-06-17 08:32:23'),
(32, 'aut', 'Quo cupiditate enim at eos veniam molestiae. Magnam dolores ullam ut est voluptatem asperiores. Eum id et eveniet voluptate suscipit in eius. Ut sapiente inventore cupiditate asperiores et.', 353, 9, 27, '2020-06-17 08:32:23', '2020-06-17 08:32:23'),
(33, 'rerum', 'Earum cupiditate fugit officiis sed voluptas consequatur sunt. Sapiente et reiciendis reprehenderit amet eligendi laboriosam saepe. Nam ipsa totam aperiam dolor facilis explicabo. Quasi similique ex minus repellat velit qui ex.', 214, 0, 10, '2020-06-17 08:32:23', '2020-06-17 08:32:23'),
(34, 'ut', 'Maxime recusandae nostrum dolorum repudiandae delectus id cum. Nostrum officia aliquam suscipit eum. Laudantium molestiae velit tenetur odio assumenda. Ea omnis nesciunt molestiae tempora enim maxime magnam doloribus.', 854, 0, 4, '2020-06-17 08:32:23', '2020-06-17 08:32:23'),
(35, 'quas', 'Pariatur deserunt sint inventore. Sequi est maiores amet dignissimos tempora fugiat nam. Deleniti minima amet quam officiis in dolor nemo.', 297, 7, 17, '2020-06-17 08:32:23', '2020-06-17 08:32:23'),
(36, 'debitis', 'Nemo ut modi quia eius quibusdam modi. Eos perferendis qui unde quae. Rerum earum quidem hic dicta voluptas est ab. Ab delectus totam inventore. Culpa suscipit ab sapiente enim maiores laboriosam recusandae.', 110, 3, 21, '2020-06-17 08:32:23', '2020-06-17 08:32:23'),
(37, 'sunt', 'Atque doloribus sapiente culpa iusto occaecati et provident. Laborum officiis cum officiis natus atque aut. Excepturi fugit nostrum porro voluptas maxime.', 362, 9, 15, '2020-06-17 08:32:23', '2020-06-17 08:32:23'),
(38, 'sed', 'Veritatis id voluptates sit est enim atque. Saepe voluptas quisquam autem quo ut. Quaerat facilis voluptatem est aut inventore natus.', 925, 7, 27, '2020-06-17 08:32:23', '2020-06-17 08:32:23'),
(39, 'enim', 'Enim reiciendis maxime quae error quia iste veniam. Impedit adipisci voluptas quidem ut voluptatem sit. Accusamus quia itaque et.', 748, 7, 30, '2020-06-17 08:32:23', '2020-06-17 08:32:23'),
(40, 'omnis', 'Alias id soluta dolorem. Magni voluptatum tempore et consequatur est praesentium. Ratione itaque natus illo beatae quia quod maiores molestiae. Et nulla dolores veritatis consectetur suscipit aut temporibus.', 344, 7, 5, '2020-06-17 08:32:23', '2020-06-17 08:32:23'),
(41, 'et', 'Ex doloribus ut animi. Ullam modi sit voluptatem quisquam minima. Voluptatem perspiciatis dolore nostrum. Ullam doloribus commodi aliquam autem.', 544, 4, 16, '2020-06-17 08:32:24', '2020-06-17 08:32:24'),
(42, 'ipsa', 'Quidem et voluptate culpa ratione voluptatem ea. Ut harum soluta excepturi cumque soluta porro natus. Error provident eius sed architecto vel maxime magni. Magni illum eum aliquid alias et aut provident.', 859, 2, 11, '2020-06-17 08:32:24', '2020-06-17 08:32:24'),
(43, 'est', 'In error nesciunt sint explicabo. Iure voluptatum quod a voluptas cupiditate. Molestiae aperiam veniam dolorem ut omnis aut.', 504, 4, 28, '2020-06-17 08:32:24', '2020-06-17 08:32:24'),
(44, 'est', 'Voluptatibus expedita incidunt sit tenetur iste quisquam atque qui. Adipisci corrupti et ut omnis autem voluptas et. Ullam cum rerum consequuntur quod. Consectetur reprehenderit excepturi aut.', 714, 7, 2, '2020-06-17 08:32:24', '2020-06-17 08:32:24'),
(45, 'est', 'Laborum blanditiis sed ullam ratione qui. Voluptas sint recusandae eos et. Vel quasi fugiat quo.', 328, 1, 22, '2020-06-17 08:32:24', '2020-06-17 08:32:24'),
(46, 'sed', 'Quos consequatur quo voluptatem nobis delectus. Aut est officia non quidem excepturi eveniet. Amet in modi non voluptatem ratione.', 873, 8, 14, '2020-06-17 08:32:24', '2020-06-17 08:32:24'),
(47, 'culpa', 'Sapiente natus perspiciatis nisi. Quia sed culpa officia possimus. Nemo voluptas et et dolorum tenetur. Autem adipisci dolor consequatur deleniti voluptate distinctio laboriosam et.', 448, 8, 29, '2020-06-17 08:32:24', '2020-06-17 08:32:24'),
(48, 'molestias', 'Nam pariatur nisi delectus rerum alias saepe. Voluptates suscipit tempore officiis porro earum fuga sit aut. Earum aut quibusdam ut quisquam dolores praesentium reiciendis. Animi veritatis ut veritatis quo aut. Iure illo pariatur pariatur incidunt.', 226, 0, 7, '2020-06-17 08:32:24', '2020-06-17 08:32:24'),
(49, 'dolor', 'Culpa est et fugiat nihil distinctio. Odit eaque rem similique minima sunt consectetur perferendis. Dicta rerum numquam iusto deserunt quis.', 422, 8, 29, '2020-06-17 08:32:24', '2020-06-17 08:32:24'),
(50, 'quia', 'Eum sint itaque aut cupiditate. Omnis dolores soluta molestias. Reprehenderit culpa est ullam sequi ex. Aut sint autem voluptas quo libero id. Sint exercitationem ipsum qui temporibus exercitationem voluptas.', 734, 1, 17, '2020-06-17 08:32:24', '2020-06-17 08:32:24'),
(51, 'pariatur', 'Repudiandae non labore sequi ut. Dolorem vel perspiciatis tempora optio. Ut sed fugit veniam aliquam quod. Quia dolorem et placeat.', 774, 7, 7, '2020-06-17 08:54:30', '2020-06-17 08:54:30'),
(52, 'sit', 'Culpa molestias libero et totam iste non nulla quam. Et aliquam eaque qui dolore qui. Neque id et perferendis architecto provident incidunt sed. Ipsam voluptatum omnis quae.', 991, 6, 29, '2020-06-17 08:54:30', '2020-06-17 08:54:30'),
(53, 'id', 'Libero nihil nesciunt ipsam aut vel consequatur id. Commodi ducimus rerum praesentium placeat eligendi hic illum. Ullam nisi deserunt ipsam dolore porro voluptatibus. Sed non hic sed aliquid.', 944, 8, 27, '2020-06-17 08:54:30', '2020-06-17 08:54:30'),
(54, 'accusamus', 'Eos quam et natus consequatur cumque odit fugiat. Blanditiis qui aut autem qui eum. Sit tempora neque sit nisi ipsam et est dolor. Blanditiis dolor illum quos omnis ex distinctio vero.', 595, 9, 24, '2020-06-17 08:54:30', '2020-06-17 08:54:30'),
(55, 'sed', 'Ratione temporibus architecto eveniet nisi aut magnam. Iure molestias quia corrupti quia consequuntur consequatur. Et cupiditate expedita sint officia qui.', 462, 6, 25, '2020-06-17 08:54:30', '2020-06-17 08:54:30'),
(56, 'molestias', 'Nobis illo sit commodi aut quibusdam repudiandae repellat similique. Sit aspernatur quaerat similique omnis id perspiciatis sunt quam. Magnam eum laborum eveniet quis iure temporibus ex. Ipsa aut autem qui consequuntur.', 152, 2, 16, '2020-06-17 08:54:30', '2020-06-17 08:54:30'),
(57, 'quae', 'Eum nihil recusandae et ratione voluptatem ratione. Et eius qui debitis ad deserunt fuga cum reprehenderit. Laudantium ex dolores magnam.', 673, 6, 24, '2020-06-17 08:54:30', '2020-06-17 08:54:30'),
(58, 'eum', 'Illum perspiciatis itaque eos. Illo dolorem laudantium distinctio. Alias quia velit voluptatem.', 855, 7, 28, '2020-06-17 08:54:30', '2020-06-17 08:54:30'),
(59, 'soluta', 'Deleniti doloremque illum facilis et enim itaque saepe. Ducimus ad et impedit voluptates assumenda repudiandae. Molestiae repudiandae inventore et.', 724, 3, 10, '2020-06-17 08:54:30', '2020-06-17 08:54:30'),
(60, 'omnis', 'Et autem dicta enim eaque voluptatem. Ea non aperiam velit provident eaque quis. Qui ipsa et nihil eos dolores quam. Quos perspiciatis architecto aliquam fugiat necessitatibus voluptatibus non odio.', 708, 8, 8, '2020-06-17 08:54:30', '2020-06-17 08:54:30'),
(61, 'omnis', 'Aut nemo similique quos amet in voluptas sed. Deleniti impedit est eius est ipsam dolorem. Accusamus amet vero accusantium eius qui quia aspernatur.', 375, 3, 6, '2020-06-17 08:54:30', '2020-06-17 08:54:30'),
(62, 'debitis', 'Suscipit dolore hic ratione qui qui. Minus in est fugit fuga sit molestias illum. Et voluptates debitis qui autem quo possimus. Incidunt nobis et voluptas ex placeat aut natus occaecati.', 264, 3, 16, '2020-06-17 08:54:31', '2020-06-17 08:54:31'),
(63, 'reprehenderit', 'Blanditiis consequatur sit eligendi quam tempora. Libero possimus vel qui ut beatae et. Et et nam quaerat dignissimos eligendi.', 331, 8, 15, '2020-06-17 08:54:31', '2020-06-17 08:54:31'),
(64, 'est', 'Repellendus ut praesentium et omnis cum. Asperiores maxime optio iusto repudiandae quia quasi. Commodi quis accusantium nostrum magni porro rerum. Ipsum sit ullam et consequatur optio dolorem est et.', 882, 6, 4, '2020-06-17 08:54:31', '2020-06-17 08:54:31'),
(65, 'eligendi', 'A iste non aspernatur a. Et recusandae impedit rem ut sed dolorem placeat ea. Dignissimos soluta velit quo molestiae suscipit. Hic ea dolore odio sapiente perferendis repudiandae.', 991, 1, 4, '2020-06-17 08:54:31', '2020-06-17 08:54:31'),
(66, 'velit', 'Voluptatem officia quasi eius qui. Voluptatem suscipit laborum cupiditate minus aut exercitationem. Consequatur id autem explicabo beatae molestias. Explicabo minus dolor ut ut reiciendis et.', 719, 3, 25, '2020-06-17 08:54:31', '2020-06-17 08:54:31'),
(67, 'at', 'Autem quia culpa autem distinctio et et esse. Nobis quia optio inventore sed. Est voluptate quae culpa aut dolores ab ut non.', 523, 5, 17, '2020-06-17 08:54:31', '2020-06-17 08:54:31'),
(68, 'nihil', 'Similique provident aut maxime qui id nesciunt quis. Deserunt et minima quod reprehenderit esse hic. Quia distinctio numquam ducimus voluptates ipsam corporis maxime sint.', 767, 4, 6, '2020-06-17 08:54:31', '2020-06-17 08:54:31'),
(69, 'non', 'Molestiae omnis et quis aliquid autem. Ratione consequuntur nostrum ut beatae doloribus dolorum. Occaecati doloremque laudantium eveniet cum excepturi ut quia. Ut perferendis vel qui asperiores. Placeat quo odio qui atque.', 946, 5, 29, '2020-06-17 08:54:31', '2020-06-17 08:54:31'),
(70, 'ad', 'Consectetur sed voluptatem libero non ipsum. Voluptas voluptates iure magnam dolorum sed porro itaque. Consequuntur officiis alias rerum commodi molestias molestias.', 769, 0, 7, '2020-06-17 08:54:31', '2020-06-17 08:54:31'),
(71, 'et', 'Minus nesciunt accusamus quia recusandae illum esse ea. Tempore laudantium est molestias iusto doloribus. Sed voluptatum praesentium est dignissimos. Ut consectetur minus provident aliquid quibusdam qui iure.', 723, 1, 13, '2020-06-17 08:54:31', '2020-06-17 08:54:31'),
(72, 'id', 'Quia libero et quia rerum voluptas temporibus distinctio. Ut voluptatem minima eum. Quam iusto alias quo expedita. Dolor quod et eveniet saepe autem occaecati alias modi.', 378, 8, 17, '2020-06-17 08:54:31', '2020-06-17 08:54:31'),
(73, 'doloribus', 'Voluptates velit totam et libero voluptatem rerum. Ad quae nemo maiores consequatur porro numquam. Repellat modi vitae id fugit. Dolores laudantium qui non et sit harum et maiores. Saepe facere qui voluptatem consequuntur provident magni nisi optio.', 499, 8, 21, '2020-06-17 08:54:31', '2020-06-17 08:54:31'),
(74, 'in', 'Velit mollitia omnis aut esse eum porro deleniti. Voluptas temporibus aut repellat nihil magni magni dolor. Rerum iure nesciunt quia et hic excepturi.', 884, 7, 19, '2020-06-17 08:54:31', '2020-06-17 08:54:31'),
(75, 'omnis', 'Dolorum maxime quia aliquam ut itaque qui. Sint eos atque id eius. Maxime ullam debitis dolore voluptas. Qui autem qui in doloremque ut rem commodi.', 132, 5, 3, '2020-06-17 08:54:31', '2020-06-17 08:54:31'),
(76, 'asperiores', 'Quis omnis repellat sunt quae animi iste nobis. Quia quis tenetur ipsam quia voluptas corporis nihil voluptatem. Amet maxime eos necessitatibus et quo sapiente.', 678, 5, 25, '2020-06-17 08:54:31', '2020-06-17 08:54:31'),
(77, 'voluptatem', 'Sunt quia eveniet sunt nihil. At inventore enim aliquam est reprehenderit doloribus dolor. Quam est consequatur atque a officiis ut.', 937, 1, 12, '2020-06-17 08:54:32', '2020-06-17 08:54:32'),
(78, 'quia', 'Similique vitae vero maxime sequi fuga perspiciatis. Est blanditiis doloremque aliquam veniam voluptate sit exercitationem. Vero repellat esse et accusamus.', 344, 5, 4, '2020-06-17 08:54:32', '2020-06-17 08:54:32'),
(79, 'fuga', 'Quos exercitationem voluptate nihil consequatur rerum delectus quisquam consequatur. Iure ut eveniet ut eos. Et libero qui laboriosam omnis repudiandae alias iure voluptatem.', 440, 0, 8, '2020-06-17 08:54:32', '2020-06-17 08:54:32'),
(80, 'consequatur', 'Fuga totam explicabo hic sunt molestiae. Ipsam repellat facere quibusdam et consectetur culpa enim. Aut necessitatibus vel ipsum tempora impedit. Saepe quo dignissimos ipsa optio laborum natus cum qui.', 841, 3, 21, '2020-06-17 08:54:32', '2020-06-17 08:54:32'),
(81, 'ut', 'Explicabo molestias et rerum necessitatibus rerum distinctio. Voluptatem ipsum enim nihil voluptatum qui eum. Nisi aut est molestias vitae odit pariatur.', 939, 3, 28, '2020-06-17 08:54:32', '2020-06-17 08:54:32'),
(82, 'ut', 'Sunt id architecto nemo et ipsum aut. Consequuntur ab perferendis molestiae iste. Aliquid ullam natus magni dicta quaerat reprehenderit numquam praesentium.', 575, 7, 27, '2020-06-17 08:54:32', '2020-06-17 08:54:32'),
(83, 'reiciendis', 'Minus et iure iure. Et non ullam sed sapiente voluptas. Similique repellendus minima architecto fugit culpa debitis est. Odio quidem harum et.', 887, 8, 12, '2020-06-17 08:54:32', '2020-06-17 08:54:32'),
(84, 'quod', 'Error et molestiae incidunt voluptas fugiat nisi ea. Consequatur delectus rerum tempore rem et odio. Officia deserunt sit ea impedit cupiditate rerum quam.', 575, 9, 3, '2020-06-17 08:54:32', '2020-06-17 08:54:32'),
(85, 'aliquid', 'Possimus vel possimus delectus commodi et. Laudantium in vel dolores et qui illum rerum quo. Maxime sint voluptates perspiciatis corrupti.', 169, 9, 3, '2020-06-17 08:54:33', '2020-06-17 08:54:33'),
(86, 'veritatis', 'Et id ducimus dicta ipsum. Laborum modi occaecati facere soluta. Odio dolorem officia porro rerum perspiciatis voluptas.', 848, 7, 6, '2020-06-17 08:54:33', '2020-06-17 08:54:33'),
(87, 'totam', 'Aut debitis accusantium et ipsum. Quia odio modi qui perspiciatis sed. Quibusdam unde animi et neque rerum rerum est.', 189, 2, 22, '2020-06-17 08:54:33', '2020-06-17 08:54:33'),
(88, 'odit', 'Fugit culpa dolorem et fuga. Quas ut et quos quidem qui. Alias repellendus totam numquam non. Natus ipsa voluptate autem.', 305, 4, 26, '2020-06-17 08:54:33', '2020-06-17 08:54:33'),
(89, 'sit', 'Aperiam repudiandae voluptatem mollitia voluptatem. Fugit praesentium provident debitis sunt magnam. Autem aspernatur necessitatibus qui est quis inventore.', 261, 4, 11, '2020-06-17 08:54:33', '2020-06-17 08:54:33'),
(90, 'labore', 'Totam qui voluptatibus rerum maiores sunt earum et et. Qui sed in non rem recusandae. Quod nemo excepturi vitae qui voluptatem molestiae. Consequatur autem enim quo porro.', 235, 8, 19, '2020-06-17 08:54:33', '2020-06-17 08:54:33'),
(91, 'non', 'Debitis ex ipsam sint ea fugiat in ex. Modi nulla incidunt error et veniam nihil. Consectetur mollitia iure soluta praesentium. Quia consequuntur quos rerum explicabo sint dolor.', 236, 2, 27, '2020-06-17 08:54:33', '2020-06-17 08:54:33'),
(92, 'eius', 'Sed voluptatem aut voluptatem sed corrupti ratione veritatis. Et voluptatem nesciunt vero odio. Reiciendis perspiciatis in ab et. Eligendi modi ullam accusamus cupiditate non non.', 287, 1, 11, '2020-06-17 08:54:33', '2020-06-17 08:54:33'),
(93, 'amet', 'Ducimus nisi quisquam aut vel. Voluptates dignissimos sunt ut praesentium.', 362, 6, 2, '2020-06-17 08:54:33', '2020-06-17 08:54:33'),
(94, 'omnis', 'Minima tempora sapiente nam molestiae omnis. Qui quia voluptas deserunt ipsa provident vel. Expedita error molestiae molestiae.', 598, 5, 12, '2020-06-17 08:54:33', '2020-06-17 08:54:33'),
(95, 'et', 'Maiores consectetur aut voluptates quis. Aliquid est eius totam rerum sapiente. Odit placeat necessitatibus excepturi tempora ut qui tenetur. Sit quia perferendis quia qui dolorem quibusdam.', 261, 3, 27, '2020-06-17 08:54:33', '2020-06-17 08:54:33'),
(96, 'dolorem', 'Sit a quibusdam dolorem ut. Eaque aut aliquid optio qui molestiae dolores error voluptas. Aliquid doloremque sapiente odio hic similique non fuga. Quaerat possimus odio dignissimos molestias eos.', 301, 2, 13, '2020-06-17 08:54:33', '2020-06-17 08:54:33'),
(97, 'eos', 'Fugit consequatur tempore est maxime est. Aut distinctio voluptatem quam pariatur qui. Non suscipit et aut molestiae nostrum quo omnis.', 546, 8, 7, '2020-06-17 08:54:33', '2020-06-17 08:54:33'),
(98, 'omnis', 'Iste asperiores nobis nihil. Ducimus ut non dolor quod. Voluptas corrupti vel dolorem id perspiciatis nisi.', 604, 3, 4, '2020-06-17 08:54:33', '2020-06-17 08:54:33'),
(99, 'optio', 'Sit enim aliquid error non mollitia aut. Nihil qui neque quia consequuntur. Commodi doloremque dolor mollitia esse voluptas explicabo cupiditate.', 531, 3, 21, '2020-06-17 08:54:33', '2020-06-17 08:54:33'),
(100, 'eaque', 'Et quod illo modi magnam ut. In est impedit quaerat dicta et facere. Odio sed architecto recusandae quod aliquam at iure. Dicta qui ea magni eos consequatur dolor voluptas. Numquam impedit repudiandae sit ut porro vero culpa.', 593, 5, 17, '2020-06-17 08:54:33', '2020-06-17 08:54:33'),
(101, 'consequatur', 'Dolorem sit et inventore quos et saepe molestiae quis. Voluptas harum ut fuga quae et. Voluptatem perspiciatis libero necessitatibus sit iusto laboriosam quo.', 583, 0, 28, '2020-06-17 08:56:25', '2020-06-17 08:56:25'),
(102, 'amet', 'Eos nihil aut inventore debitis delectus placeat. Aspernatur iste consequatur quidem nisi minima consequatur. Eaque rerum alias praesentium asperiores molestiae sint. Vel nesciunt incidunt qui impedit quas est.', 298, 7, 25, '2020-06-17 08:56:25', '2020-06-17 08:56:25'),
(103, 'eos', 'Et qui eveniet molestiae facilis. Officia qui magnam id molestiae error. Enim nam architecto corrupti exercitationem error.', 974, 8, 14, '2020-06-17 08:56:25', '2020-06-17 08:56:25'),
(104, 'molestiae', 'Sed accusantium et quaerat aut porro. Perferendis qui voluptas sed. Assumenda qui quidem et rem iusto asperiores.', 269, 3, 4, '2020-06-17 08:56:25', '2020-06-17 08:56:25'),
(105, 'sit', 'Quidem distinctio voluptates eius architecto. Repellendus necessitatibus eos mollitia consequatur facilis distinctio.', 234, 8, 28, '2020-06-17 08:56:25', '2020-06-17 08:56:25'),
(106, 'ipsam', 'Quaerat ullam est veniam iusto ea. Id dolor est ullam voluptatum distinctio. Dolores earum exercitationem minima quos quam vel. Quod aliquid sit similique est quibusdam consectetur sint. Sed sint repellat eligendi tempore.', 477, 2, 12, '2020-06-17 08:56:25', '2020-06-17 08:56:25'),
(107, 'sit', 'Reprehenderit dolor et dolorem autem. Facilis officiis nobis omnis tempore ducimus. Non et eveniet labore.', 662, 4, 16, '2020-06-17 08:56:25', '2020-06-17 08:56:25'),
(108, 'sunt', 'Voluptas dolor est ut aspernatur iure qui explicabo. Consectetur voluptatum et aliquid voluptatum ad aut nobis. Aliquam nesciunt illo minus quae qui nihil ex consequuntur. Eligendi aut cupiditate deleniti perspiciatis hic.', 197, 5, 5, '2020-06-17 08:56:25', '2020-06-17 08:56:25'),
(109, 'aut', 'Voluptatibus aspernatur ea occaecati dignissimos repellendus. Nemo magni voluptate aut ipsa ipsa aut unde. Ut quam minus quis illum expedita velit quam. Modi esse voluptatibus dolore.', 864, 2, 19, '2020-06-17 08:56:25', '2020-06-17 08:56:25'),
(110, 'minima', 'Beatae aut numquam provident similique minima et. Blanditiis quibusdam hic praesentium reprehenderit est inventore et commodi. Quae ex placeat quas dolores ratione officiis. Labore quam in quisquam aliquam magni ea velit.', 237, 6, 7, '2020-06-17 08:56:25', '2020-06-17 08:56:25'),
(111, 'omnis', 'Maiores deleniti velit occaecati nisi. Saepe nemo animi corrupti eum qui. Eveniet cumque facilis error iusto voluptates quasi fugiat repudiandae. Velit voluptas dolor voluptas repellendus.', 194, 8, 11, '2020-06-17 08:56:25', '2020-06-17 08:56:25'),
(112, 'et', 'Non quo aut voluptas sunt et occaecati quaerat. Quos aliquam qui ex velit. Asperiores magnam quas et eveniet expedita in eum quis.', 826, 6, 23, '2020-06-17 08:56:25', '2020-06-17 08:56:25'),
(113, 'eum', 'Adipisci totam veritatis est optio libero nisi id. Ut error sequi et consequatur ipsa. Doloremque nemo dolore aliquam. Optio maiores ut laborum voluptas.', 487, 5, 5, '2020-06-17 08:56:25', '2020-06-17 08:56:25'),
(114, 'et', 'Enim quas facere inventore architecto ut. Ut hic consequatur modi saepe libero optio suscipit. Expedita ad inventore numquam expedita. Facilis praesentium temporibus explicabo maiores error voluptatem exercitationem.', 455, 1, 7, '2020-06-17 08:56:25', '2020-06-17 08:56:25'),
(115, 'et', 'Sunt hic laborum est voluptas quo. Voluptatem molestias in impedit est beatae. Totam quis ut consequatur dolorem debitis. Sapiente sunt alias sunt nisi ad. Et incidunt sed eos quae nobis sapiente.', 770, 3, 7, '2020-06-17 08:56:25', '2020-06-17 08:56:25'),
(116, 'unde', 'Et ut natus voluptas ut hic. Rem nulla optio repellat dolores quam veritatis. Sapiente ipsa est voluptatem et dolorem numquam perferendis.', 461, 8, 11, '2020-06-17 08:56:25', '2020-06-17 08:56:25'),
(117, 'qui', 'Commodi distinctio qui in id. Repellat nesciunt est et veniam et. Ipsam omnis totam aut.', 266, 0, 28, '2020-06-17 08:56:25', '2020-06-17 08:56:25'),
(118, 'ab', 'Accusantium et voluptatum eos eaque exercitationem est illum. Enim doloremque quam et quis incidunt ut. Nostrum tempora nisi eum adipisci ipsam. Necessitatibus quia est doloremque doloribus non.', 978, 3, 14, '2020-06-17 08:56:25', '2020-06-17 08:56:25'),
(119, 'maiores', 'Vel est est delectus ipsum nesciunt nobis illo. Veniam quia suscipit corporis aliquid autem dolores repellat provident. Optio aspernatur odio corrupti sit ea dolorum. Et dolorem enim odio sint.', 575, 9, 10, '2020-06-17 08:56:25', '2020-06-17 08:56:25'),
(120, 'neque', 'Temporibus a excepturi quia ad. Soluta deserunt rerum quisquam eius et. Quod impedit ut earum modi ex autem reiciendis. Asperiores rem dolore sed est.', 993, 4, 7, '2020-06-17 08:56:25', '2020-06-17 08:56:25'),
(121, 'quibusdam', 'Quos corrupti dolorum veniam dolorum. Impedit nisi voluptatibus est fugiat repudiandae repellendus. Vel eos qui velit. In deserunt laborum pariatur aspernatur.', 880, 5, 12, '2020-06-17 08:56:25', '2020-06-17 08:56:25'),
(122, 'itaque', 'Quasi rerum maxime est debitis ut doloremque impedit eaque. Deleniti rerum officia enim culpa corporis laboriosam. Tempore est harum aperiam sint. Beatae molestiae autem nisi sed aut voluptate enim voluptates.', 647, 1, 13, '2020-06-17 08:56:26', '2020-06-17 08:56:26'),
(123, 'quibusdam', 'Omnis quisquam reiciendis officia reprehenderit. Id sit ut nemo magnam. Veniam voluptas nostrum impedit.', 252, 4, 23, '2020-06-17 08:56:26', '2020-06-17 08:56:26'),
(124, 'voluptate', 'Expedita quo sed aut officiis ex qui. Est in aut qui animi laboriosam. Cumque assumenda saepe nemo assumenda odio.', 943, 2, 22, '2020-06-17 08:56:26', '2020-06-17 08:56:26'),
(125, 'occaecati', 'Accusamus molestiae nulla autem similique officiis doloremque quidem. Officiis animi eligendi inventore autem. Libero corrupti eveniet et voluptatem quis id cum repellendus.', 313, 7, 22, '2020-06-17 08:56:26', '2020-06-17 08:56:26'),
(126, 'tenetur', 'Provident architecto nostrum omnis et quisquam porro voluptatem. Accusamus natus et eos beatae. Voluptas sint enim dolor dolore dolorum.', 118, 1, 28, '2020-06-17 08:56:26', '2020-06-17 08:56:26'),
(127, 'sed', 'Eaque quia odit ad. Voluptatum quia molestias repudiandae. Tempore provident officia officia voluptates ut eius. Tenetur ipsum pariatur ut earum ad recusandae.', 328, 7, 5, '2020-06-17 08:56:26', '2020-06-17 08:56:26'),
(128, 'rem', 'Quo ut nam reprehenderit dicta aut consequuntur. Aut iusto sit et sunt. Enim cupiditate et occaecati ea quia sed vel. Corporis nihil hic eos amet numquam atque.', 892, 0, 9, '2020-06-17 08:56:26', '2020-06-17 08:56:26'),
(129, 'quis', 'Quasi sint occaecati dignissimos nam voluptas sint totam. Harum velit id est eum. Accusantium non dolorem qui suscipit et culpa. Incidunt laboriosam qui rem dolore.', 496, 0, 8, '2020-06-17 08:56:26', '2020-06-17 08:56:26'),
(130, 'omnis', 'Natus facilis quis rerum quia. Reprehenderit aliquam qui nesciunt. Nisi rerum inventore voluptatem nihil.', 214, 9, 27, '2020-06-17 08:56:26', '2020-06-17 08:56:26'),
(131, 'qui', 'Quia magnam corporis reiciendis reprehenderit fugiat iure pariatur a. Sapiente nesciunt id quia nulla enim iusto qui.', 394, 2, 11, '2020-06-17 08:56:26', '2020-06-17 08:56:26'),
(132, 'nulla', 'Deserunt eum illo earum vel placeat voluptatum itaque quidem. Voluptatem ut est quae eos corporis. In beatae error assumenda ratione.', 376, 7, 25, '2020-06-17 08:56:26', '2020-06-17 08:56:26'),
(133, 'fugiat', 'Vitae minus voluptatem magni ipsam et tempore. Amet quam distinctio harum. Quis culpa et sunt blanditiis et. Qui culpa molestias et dolore est.', 358, 4, 29, '2020-06-17 08:56:26', '2020-06-17 08:56:26'),
(134, 'eum', 'Tempora mollitia est et et nam consequatur. Unde atque hic voluptas eius qui vel consequatur vel. Beatae ut veritatis consequuntur. Dignissimos vitae non voluptates qui.', 703, 2, 15, '2020-06-17 08:56:26', '2020-06-17 08:56:26'),
(135, 'aspernatur', 'Illo consequatur facere sed quo quos possimus tenetur. Inventore explicabo cupiditate at non ipsum molestias. Enim autem quo aliquid consequuntur alias. Iusto quis quidem facilis adipisci.', 832, 3, 13, '2020-06-17 08:56:26', '2020-06-17 08:56:26'),
(136, 'repudiandae', 'Error incidunt saepe incidunt minus. Totam ipsam eum qui maiores qui sed. Maxime ut nam sint est neque sapiente.', 195, 7, 9, '2020-06-17 08:56:26', '2020-06-17 08:56:26'),
(137, 'temporibus', 'Magni ea cumque sequi eligendi excepturi nostrum vel. Velit culpa at et fuga rerum qui ut recusandae.', 857, 5, 12, '2020-06-17 08:56:26', '2020-06-17 08:56:26'),
(138, 'assumenda', 'Molestiae laudantium ad ipsum ea atque laudantium qui. Iure itaque temporibus omnis delectus. Nisi dicta aperiam sed rem. Dicta molestiae accusantium explicabo magni.', 718, 8, 17, '2020-06-17 08:56:26', '2020-06-17 08:56:26'),
(139, 'hic', 'Nisi id consequuntur ipsa tempore aliquam illo soluta cupiditate. Nam fugiat totam provident asperiores. Est vitae inventore quas sunt voluptatem aliquid asperiores. Voluptatem est laboriosam est est.', 538, 1, 21, '2020-06-17 08:56:26', '2020-06-17 08:56:26'),
(140, 'error', 'Eligendi excepturi et molestiae libero in perspiciatis nam. Aut delectus aut voluptate quis. Omnis est pariatur magni laboriosam expedita quo.', 537, 0, 17, '2020-06-17 08:56:26', '2020-06-17 08:56:26'),
(141, 'non', 'Nemo odio facere molestiae. Id consequuntur rerum laborum reprehenderit animi natus rerum ducimus. Iusto iste omnis suscipit autem debitis totam. Quibusdam nostrum ea similique voluptatem non eveniet et ea.', 450, 6, 13, '2020-06-17 08:56:26', '2020-06-17 08:56:26'),
(142, 'quam', 'Dignissimos non quis at nobis repudiandae. Fuga ea dolores aut molestias non perspiciatis consequuntur. Aliquam earum nulla ratione aliquid perferendis.', 408, 1, 16, '2020-06-17 08:56:26', '2020-06-17 08:56:26'),
(143, 'laboriosam', 'Quia temporibus voluptatem harum sint perferendis quidem. Ullam voluptas laborum sapiente qui qui. Magni libero voluptate amet.', 597, 4, 6, '2020-06-17 08:56:26', '2020-06-17 08:56:26'),
(144, 'ut', 'Consequuntur et voluptas sit vel adipisci. Vel quo omnis et possimus totam voluptatem. Aliquam voluptatem aut quo autem laborum inventore sit perspiciatis. Et laboriosam aut et placeat.', 637, 6, 29, '2020-06-17 08:56:26', '2020-06-17 08:56:26'),
(145, 'quis', 'Alias facere odit explicabo est. Doloribus maxime eos rerum et error earum. Quod recusandae veritatis dolore excepturi.', 418, 1, 30, '2020-06-17 08:56:27', '2020-06-17 08:56:27'),
(146, 'molestias', 'Nesciunt explicabo excepturi autem architecto. Iure error voluptas voluptatem reprehenderit est est assumenda. Voluptate quibusdam modi labore magnam commodi maiores. In quia maiores fuga recusandae laborum.', 136, 0, 13, '2020-06-17 08:56:27', '2020-06-17 08:56:27'),
(147, 'adipisci', 'Nostrum inventore fuga provident ullam modi nihil. Tempora aut sequi magni dolorum sunt eius distinctio. Eaque vitae rem quaerat earum ex deserunt.', 198, 5, 9, '2020-06-17 08:56:27', '2020-06-17 08:56:27'),
(148, 'sed', 'Ut quisquam ut voluptatum praesentium. Laudantium ipsam voluptas adipisci occaecati rerum omnis et. Modi quaerat natus sunt aut doloremque sit consequatur. In tempora porro autem dolorum.', 121, 3, 9, '2020-06-17 08:56:27', '2020-06-17 08:56:27'),
(149, 'magnam', 'Maxime assumenda quaerat voluptates ipsum est ullam perspiciatis. Mollitia earum qui necessitatibus ut ipsa. Saepe delectus eos ut similique ab odit quas.', 907, 7, 4, '2020-06-17 08:56:27', '2020-06-17 08:56:27'),
(150, 'sapiente', 'Iusto est aut quia sequi voluptas quas commodi vero. Officiis minima aspernatur voluptatem doloremque consectetur id. Itaque dolor omnis aliquid similique. Vel eos eveniet facilis ut dolorum inventore aut.', 899, 2, 11, '2020-06-17 08:56:27', '2020-06-17 08:56:27');

-- --------------------------------------------------------

--
-- Table structure for table `reviews`
--

CREATE TABLE `reviews` (
  `id` bigint(20) UNSIGNED NOT NULL,
  `product_id` int(10) UNSIGNED NOT NULL,
  `customer` varchar(255) COLLATE utf8mb4_unicode_ci NOT NULL,
  `review` text COLLATE utf8mb4_unicode_ci NOT NULL,
  `star` int(11) NOT NULL,
  `created_at` timestamp NULL DEFAULT NULL,
  `updated_at` timestamp NULL DEFAULT NULL
) ENGINE=InnoDB DEFAULT CHARSET=utf8mb4 COLLATE=utf8mb4_unicode_ci;

--
-- Dumping data for table `reviews`
--

INSERT INTO `reviews` (`id`, `product_id`, `customer`, `review`, `star`, `created_at`, `updated_at`) VALUES
(1, 40, 'Prof. Zion Murphy MD', 'Laudantium est suscipit omnis eveniet debitis et aperiam iusto. Facilis inventore voluptas vel et. Sapiente minima sed velit.', 5, '2020-06-17 08:56:28', '2020-06-17 08:56:28'),
(2, 86, 'Mr. Cyril Heathcote', 'Qui et quisquam tempora rerum labore. Eveniet quis perferendis quia numquam natus omnis veniam. Velit impedit officia est odio debitis voluptate.', 1, '2020-06-17 08:56:28', '2020-06-17 08:56:28'),
(3, 150, 'Petra Purdy', 'Qui sint sint laborum officiis incidunt nulla ex. Neque dolor natus iure ut dolorem commodi perferendis. Voluptate minus dolor aut. Doloremque dolores quia dicta tempore.', 1, '2020-06-17 08:56:28', '2020-06-17 08:56:28'),
(4, 13, 'Diamond Pfannerstill', 'Aut quos totam nihil recusandae optio numquam. Et consequuntur est sit deleniti earum et. Provident aliquid blanditiis harum aspernatur repudiandae quis quisquam. Alias quia aut aut qui perspiciatis culpa accusantium.', 5, '2020-06-17 08:56:28', '2020-06-17 08:56:28'),
(5, 103, 'Dr. Pietro Kerluke', 'Eos odit qui sequi sit et voluptas qui doloremque. Temporibus omnis qui qui qui occaecati. Porro quia et aliquam quis et.', 4, '2020-06-17 08:56:28', '2020-06-17 08:56:28'),
(6, 98, 'Ms. Agnes Carroll Jr.', 'Doloremque est voluptate nemo. Ut et sequi facilis tempore enim. Omnis et neque maiores. Tenetur ea quod cum est.', 0, '2020-06-17 08:56:28', '2020-06-17 08:56:28'),
(7, 84, 'Reyes Hayes', 'Ipsam quo autem soluta nam. Quo sit harum cupiditate consequuntur molestias facilis aspernatur. Expedita doloribus reprehenderit et sed sequi.', 5, '2020-06-17 08:56:28', '2020-06-17 08:56:28'),
(8, 67, 'Dr. Jerald Cremin III', 'Sit dignissimos consectetur quo voluptas. Amet necessitatibus ipsa possimus maiores. In blanditiis consequatur natus odit vel et. Provident ab molestiae consequatur voluptas ratione maiores excepturi.', 5, '2020-06-17 08:56:28', '2020-06-17 08:56:28'),
(9, 8, 'Emelie Herman PhD', 'Dolorem eum quo corporis at praesentium. Ex asperiores aut quisquam at voluptate consequuntur sed. Nostrum accusantium labore fugit omnis sunt. Neque ipsa recusandae consectetur exercitationem pariatur.', 1, '2020-06-17 08:56:28', '2020-06-17 08:56:28'),
(10, 41, 'Gracie Deckow', 'Iste suscipit maxime quia. Quis iste ipsa sed hic veritatis omnis. Ea quibusdam ut id error tempora eaque dicta. Qui quas praesentium reiciendis.', 5, '2020-06-17 08:56:28', '2020-06-17 08:56:28'),
(11, 78, 'Autumn Kuhn', 'Dolores provident harum sed mollitia provident. Exercitationem sint nisi autem aperiam et eum quod quaerat. Optio sit nesciunt quis explicabo culpa voluptatem. Impedit sed odio unde et non unde cumque et. Quae fuga fugit aperiam dolores.', 5, '2020-06-17 08:56:28', '2020-06-17 08:56:28'),
(12, 30, 'Luther Zieme IV', 'Cumque iure impedit aut. Blanditiis ut nisi rerum ut similique eos et. Laboriosam libero est eos aspernatur repellendus.', 2, '2020-06-17 08:56:28', '2020-06-17 08:56:28'),
(13, 141, 'Leonard Schmitt', 'Itaque quia iure necessitatibus et qui qui natus. Accusantium omnis ipsam nostrum eius rerum optio. Odio dolorem exercitationem libero sint. Sequi odit et consequatur non repudiandae est provident.', 5, '2020-06-17 08:56:28', '2020-06-17 08:56:28'),
(14, 53, 'Mr. Carmelo Ebert', 'Qui cumque dicta vitae aut non est alias. Esse ipsum rerum molestiae alias nam facilis aliquid. Eveniet occaecati nobis officiis corporis vel expedita.', 5, '2020-06-17 08:56:28', '2020-06-17 08:56:28'),
(15, 106, 'Magdalen Ward DVM', 'Possimus qui porro id recusandae maxime. Est eos est vel consequatur perspiciatis. Voluptate doloremque eum vel dolor necessitatibus aut. Fugit temporibus et qui earum quis incidunt.', 3, '2020-06-17 08:56:29', '2020-06-17 08:56:29'),
(16, 90, 'Prof. Coralie Baumbach PhD', 'Similique minima aliquid suscipit quis. Nam eveniet sunt recusandae consequatur laboriosam cum fugiat. Sint sit distinctio ut.', 1, '2020-06-17 08:56:29', '2020-06-17 08:56:29'),
(17, 131, 'Dr. Jedidiah Hoppe MD', 'Omnis doloremque ad itaque velit nemo. Sed voluptates ut accusantium quos magnam. Earum sapiente repellendus aut iusto sed sed quidem. Et maxime sit blanditiis laboriosam facere. Ex qui eaque molestias impedit dolorem.', 0, '2020-06-17 08:56:29', '2020-06-17 08:56:29'),
(18, 65, 'Mavis Hagenes', 'Et similique est ut atque accusamus omnis voluptatum. Dolorem id hic reprehenderit. Perspiciatis illum deleniti ipsam et rerum.', 0, '2020-06-17 08:56:29', '2020-06-17 08:56:29'),
(19, 51, 'Dr. Kylie Yost III', 'Quae iste esse sit cum repellendus perspiciatis. Illo qui beatae est porro. Quasi impedit nemo voluptatibus reprehenderit assumenda velit.', 2, '2020-06-17 08:56:29', '2020-06-17 08:56:29'),
(20, 20, 'Miss Adrianna Kertzmann III', 'Quis sint reprehenderit veniam hic quas voluptatem commodi eum. Cum dolorem minus optio cum. Nemo similique quo rem et.', 4, '2020-06-17 08:56:29', '2020-06-17 08:56:29'),
(21, 83, 'Prof. Mortimer Schumm', 'Fugit et accusantium provident maiores sit. Repellat quos sapiente est non qui et commodi ipsa. Consequatur vel voluptatem quas ullam sequi voluptatem ut aspernatur. Unde ex ipsum saepe perspiciatis.', 5, '2020-06-17 08:56:29', '2020-06-17 08:56:29'),
(22, 150, 'Dedrick O\'Kon', 'Reprehenderit enim qui consectetur hic ea. Officiis ut deserunt assumenda ad. Molestiae molestiae cupiditate perspiciatis quaerat tenetur. Libero qui quo tempora ipsam unde.', 5, '2020-06-17 08:56:29', '2020-06-17 08:56:29'),
(23, 68, 'Gilbert Hintz', 'Qui dignissimos voluptatem sint consequatur et cum dolorem. Fugiat ipsum earum vel soluta aut eum maxime vitae. Vel quo molestiae et debitis omnis nulla. Tempora molestiae aut nemo sit.', 3, '2020-06-17 08:56:29', '2020-06-17 08:56:29'),
(24, 4, 'Mr. Ole Stark', 'Earum quae fuga velit ipsa aut et libero illum. Ut voluptatem pariatur omnis magni reprehenderit pariatur autem. Aspernatur quidem quia dolorem quisquam excepturi. Sit repellendus voluptatem facilis ratione fugiat quos adipisci.', 1, '2020-06-17 08:56:29', '2020-06-17 08:56:29'),
(25, 42, 'Alena Reinger II', 'Totam dolore et est quas quia expedita autem nam. Tenetur autem unde velit. Quo magni aliquam quo ipsum nobis laboriosam iure.', 1, '2020-06-17 08:56:29', '2020-06-17 08:56:29'),
(26, 121, 'Amie Larson', 'Omnis quos molestiae quo veniam molestiae ipsa. Saepe et tenetur facilis sint doloremque magni. Vero quos soluta voluptatem quia magni harum earum dolores.', 4, '2020-06-17 08:56:29', '2020-06-17 08:56:29'),
(27, 122, 'Oral Emard', 'Sint fugit ut repellendus pariatur sequi. Nisi modi dolor repellendus consectetur sit qui vel numquam. Explicabo reprehenderit dolorem atque sunt. Molestiae dolores deserunt adipisci qui amet ea.', 5, '2020-06-17 08:56:29', '2020-06-17 08:56:29'),
(28, 144, 'Mikel Cummings', 'Quo vero minus doloribus laboriosam necessitatibus aspernatur tempore. Aut sit officia placeat beatae labore quis magnam fuga. Sed error sint aut. Tempora mollitia nesciunt ut nesciunt qui est.', 1, '2020-06-17 08:56:29', '2020-06-17 08:56:29'),
(29, 107, 'Elizabeth Schiller II', 'Vel tempora sed quia ullam quia rerum aut. Molestias omnis velit aut aut sit. Consequatur nesciunt aliquam voluptatem pariatur aut.', 0, '2020-06-17 08:56:29', '2020-06-17 08:56:29'),
(30, 78, 'Darryl Swaniawski', 'Accusamus voluptas sapiente qui ut quos omnis aut. Alias expedita non ad ut beatae. Iste sint iusto dolorem eligendi deserunt. Vitae quae quis cumque id.', 2, '2020-06-17 08:56:29', '2020-06-17 08:56:29'),
(31, 45, 'Kane Hermiston', 'Dolorum nulla eveniet voluptatem omnis sequi debitis. Facilis iure consectetur omnis eligendi voluptas soluta dolorem. Nemo quis quasi fuga.', 4, '2020-06-17 08:56:29', '2020-06-17 08:56:29'),
(32, 59, 'Cecelia Hansen', 'Ut doloremque aperiam quibusdam. Labore amet id dolor quas. Non labore earum quos repudiandae iste in. Exercitationem eius nihil iusto cum.', 5, '2020-06-17 08:56:29', '2020-06-17 08:56:29'),
(33, 136, 'Helen Lynch', 'Doloribus eaque et explicabo sit atque hic. Necessitatibus asperiores magni perferendis voluptatem et. Deserunt incidunt voluptate non laboriosam et.', 2, '2020-06-17 08:56:29', '2020-06-17 08:56:29'),
(34, 44, 'Devyn Haag Sr.', 'Et iure ea saepe magni. Repellendus odit qui modi incidunt tenetur iste dolor. Aut molestias tenetur distinctio illum molestiae. Consequatur ipsum aut placeat corporis.', 1, '2020-06-17 08:56:30', '2020-06-17 08:56:30'),
(35, 143, 'Tania Swift DVM', 'Tempora error magnam necessitatibus minima. Modi quos necessitatibus odit similique vel cupiditate aut. Temporibus voluptatem fugit minus ut tempora odio doloribus. Necessitatibus dicta dicta modi ipsum ea aut.', 3, '2020-06-17 08:56:30', '2020-06-17 08:56:30'),
(36, 12, 'Lauren Stark I', 'Libero libero ducimus aut similique. Quasi qui vitae deserunt ea fuga illo soluta. Et nesciunt et incidunt officia eum sapiente sed. Aut tempora aut dolorum dignissimos dolor illo.', 5, '2020-06-17 08:56:30', '2020-06-17 08:56:30'),
(37, 16, 'Ms. Yasmin Prosacco', 'Tempore omnis officia aut corporis consequatur quis laborum. Ex nobis non modi assumenda. Error non assumenda incidunt quia asperiores. Dolorem officia exercitationem fuga dolor.', 1, '2020-06-17 08:56:30', '2020-06-17 08:56:30'),
(38, 75, 'Vella Yundt', 'Dolor dolorem voluptatibus eos dolorem maxime aut. Quisquam sed similique et nobis reiciendis dolorem temporibus. Fugiat vel soluta et ut quia. Consequatur accusantium aut ad omnis nisi dolorem dicta non.', 5, '2020-06-17 08:56:30', '2020-06-17 08:56:30'),
(39, 134, 'Brice Schiller III', 'Enim explicabo odio est delectus a esse. A earum similique soluta deserunt pariatur fuga nulla aut. Aut ut odit non quos nostrum dolorum. Alias et ullam aut in dolores culpa. Incidunt ut sed molestias reiciendis et provident est.', 2, '2020-06-17 08:56:30', '2020-06-17 08:56:30'),
(40, 88, 'Dr. Cathrine Ullrich Sr.', 'Ut totam sit ea ut expedita officiis molestiae. Repudiandae recusandae voluptas exercitationem est sunt quod. Et voluptas quos aut est. Doloremque nemo doloremque rerum et dolores.', 5, '2020-06-17 08:56:30', '2020-06-17 08:56:30'),
(41, 137, 'Berta Koelpin', 'Dolor perspiciatis facere quam ut deserunt. Ut harum rerum sed porro a. Unde et sint error consequatur dolore ut. Officia dicta quia quibusdam cumque est voluptatem vel. Veritatis aperiam possimus ab debitis sed magni.', 1, '2020-06-17 08:56:31', '2020-06-17 08:56:31'),
(42, 105, 'Wyman Volkman', 'Autem molestias aut eum et. Et quidem temporibus aspernatur commodi sunt. Ut voluptate facere molestias.', 5, '2020-06-17 08:56:31', '2020-06-17 08:56:31'),
(43, 137, 'Eladio O\'Kon', 'Consequuntur quasi magni praesentium quo necessitatibus ipsum. Officiis harum aut velit inventore. Doloremque reprehenderit maiores rem incidunt tenetur omnis suscipit.', 1, '2020-06-17 08:56:31', '2020-06-17 08:56:31'),
(44, 122, 'Ahmed Willms', 'Illum qui totam neque quia. Officia repudiandae adipisci est soluta voluptatem quod. Ipsum et quos nobis et voluptas. Velit possimus et ducimus.', 4, '2020-06-17 08:56:31', '2020-06-17 08:56:31'),
(45, 111, 'Sabina King', 'Nostrum voluptatem est qui non animi natus. Deleniti et error dolor dolores ab et quaerat. Laborum consequuntur totam ut. Sunt veritatis expedita quo pariatur rerum est.', 1, '2020-06-17 08:56:31', '2020-06-17 08:56:31'),
(46, 113, 'Candice Brekke MD', 'Sit laboriosam quia et dignissimos quia accusamus eum. Voluptates aut qui et asperiores. A rerum ipsam recusandae accusantium.', 5, '2020-06-17 08:56:31', '2020-06-17 08:56:31'),
(47, 97, 'Cynthia Koelpin', 'Reprehenderit et adipisci labore sed eum. Quae enim et odit culpa harum dicta. Beatae sed id saepe rerum.', 4, '2020-06-17 08:56:31', '2020-06-17 08:56:31'),
(48, 112, 'Mr. Stephan Reichert IV', 'Itaque autem quod consequatur. Velit nihil illo saepe error impedit eos iste. Nam id sit quidem laudantium ut qui minus. Minima est sed neque enim molestiae ex.', 5, '2020-06-17 08:56:31', '2020-06-17 08:56:31'),
(49, 72, 'Sabrina Hessel', 'Aliquid tempora illum eum velit quis molestiae. Corrupti voluptatem ut mollitia distinctio ut vero.', 5, '2020-06-17 08:56:31', '2020-06-17 08:56:31'),
(50, 97, 'Favian Okuneva IV', 'Qui officia illum praesentium consectetur assumenda id et temporibus. Sit ex adipisci odit quo qui et et.', 2, '2020-06-17 08:56:31', '2020-06-17 08:56:31'),
(51, 46, 'Kamryn Smith II', 'Non culpa sunt delectus id autem asperiores. Quis error asperiores reiciendis. Dolorem sit illum modi nisi. Accusantium ut asperiores qui quae nemo consequatur.', 3, '2020-06-17 08:56:32', '2020-06-17 08:56:32'),
(52, 1, 'Mr. Willy Walker Sr.', 'Odit eum molestias sit molestiae beatae perferendis. Dicta quia quis accusantium recusandae ea voluptas ex ut. Suscipit dolorem ipsum accusantium aut. Ipsam sed architecto ut dolorem adipisci eum.', 3, '2020-06-17 08:56:32', '2020-06-17 08:56:32'),
(53, 87, 'Ms. Lavina Breitenberg PhD', 'Aut ut quia quia tempora rerum. Dolorum sunt sunt vero voluptatem ex et. Odio qui inventore est nesciunt aut recusandae. Officia nam est illo ipsam architecto consequuntur.', 4, '2020-06-17 08:56:32', '2020-06-17 08:56:32'),
(54, 101, 'Laura Block', 'Ipsum odio harum eveniet molestiae nostrum eaque et. Tempora soluta soluta aut nesciunt aliquid exercitationem. Vel ea voluptates officiis ut impedit accusamus. Sint qui rerum quae et alias voluptatem.', 3, '2020-06-17 08:56:32', '2020-06-17 08:56:32'),
(55, 85, 'Jayden Mohr', 'Est consequatur harum aut voluptate. Rem sunt omnis ut odio voluptates perspiciatis hic. Quia perspiciatis voluptatem amet minima laboriosam voluptatem.', 2, '2020-06-17 08:56:32', '2020-06-17 08:56:32'),
(56, 27, 'Dr. Fleta Swaniawski', 'Ducimus recusandae veniam ut quo ea. Laboriosam inventore placeat quaerat. Rerum ullam est et sit et autem. Explicabo tempore qui magnam porro ut. Corporis et quasi quia.', 5, '2020-06-17 08:56:32', '2020-06-17 08:56:32'),
(57, 7, 'Maymie Stoltenberg MD', 'Veniam totam aut voluptas maxime sit. Consequatur aliquam omnis corporis eum eum. Blanditiis id consequatur est aut.', 2, '2020-06-17 08:56:32', '2020-06-17 08:56:32'),
(58, 134, 'Lloyd Kuhic', 'Aut veniam harum ut officia labore incidunt. Et vero beatae in eum eveniet pariatur. Ducimus laudantium similique et qui magnam.', 3, '2020-06-17 08:56:32', '2020-06-17 08:56:32'),
(59, 138, 'Dr. Laisha Cremin', 'Qui sequi animi est quo dolore rem. Sit ut ipsum ipsa porro nemo. Doloribus voluptatem ut eaque exercitationem distinctio et.', 2, '2020-06-17 08:56:32', '2020-06-17 08:56:32'),
(60, 7, 'Elva Miller', 'Ad quia nesciunt possimus vitae sed rem. Ut architecto dignissimos quia ea nostrum exercitationem. Distinctio molestiae facilis qui saepe.', 4, '2020-06-17 08:56:32', '2020-06-17 08:56:32'),
(61, 142, 'Joshua Waters', 'Aperiam ad veritatis cumque architecto reprehenderit rerum. Recusandae laborum quia impedit esse voluptatem. Quibusdam architecto ea ut accusamus recusandae nostrum. Nulla exercitationem libero quidem libero.', 4, '2020-06-17 08:56:32', '2020-06-17 08:56:32'),
(62, 95, 'Elenor Botsford', 'Enim ipsa dolorum hic omnis consequatur error et sit. Aut pariatur id et omnis dolor. Eum doloribus aut veniam tempore quia.', 4, '2020-06-17 08:56:32', '2020-06-17 08:56:32'),
(63, 102, 'Prof. Nicholaus Crooks Jr.', 'Quod exercitationem magnam corporis sed dolores soluta. Et et quod earum aperiam ut et. Est necessitatibus quis aut dicta est voluptas dolorem molestiae.', 2, '2020-06-17 08:56:32', '2020-06-17 08:56:32'),
(64, 39, 'Concepcion Lebsack', 'Omnis alias quam maiores rem dolorum nemo. Voluptas et quod excepturi quae voluptas ad. Minus nostrum error odit fuga repudiandae ut vel quo.', 2, '2020-06-17 08:56:32', '2020-06-17 08:56:32'),
(65, 91, 'Yasmin Hand III', 'Aut maiores maxime illo tenetur nisi explicabo numquam. Ex aspernatur voluptatem debitis est minus excepturi dolores cupiditate. Et dolor placeat odit aliquid fugiat non ut ipsa.', 3, '2020-06-17 08:56:32', '2020-06-17 08:56:32'),
(66, 140, 'Dr. Ike Kovacek PhD', 'Aliquid qui et placeat sunt illo. Sed qui qui aut autem pariatur. Mollitia repudiandae non aspernatur amet molestias et aut.', 3, '2020-06-17 08:56:32', '2020-06-17 08:56:32'),
(67, 19, 'Angelina Davis', 'Provident laboriosam iste aliquid iste quisquam. Earum maiores pariatur magni rerum. Itaque accusantium deserunt quis nobis harum.', 0, '2020-06-17 08:56:32', '2020-06-17 08:56:32'),
(68, 114, 'Mr. Aidan Haag', 'Numquam et repellendus blanditiis vero maxime harum. Ullam aliquam eveniet adipisci quibusdam asperiores. Impedit ut qui voluptate id tempora omnis delectus. A ut pariatur nostrum tempora deleniti.', 5, '2020-06-17 08:56:32', '2020-06-17 08:56:32'),
(69, 148, 'Ms. Trycia Ritchie Jr.', 'Aut id est error voluptatem aut dicta. Sint quidem excepturi id. Delectus earum qui voluptatum ipsa. Voluptas cupiditate dolores ea id.', 4, '2020-06-17 08:56:32', '2020-06-17 08:56:32'),
(70, 82, 'Mr. Chaz Gutkowski', 'Voluptas numquam velit autem cumque veniam quidem. Sit eius aut soluta qui odio libero. Architecto officiis ipsam repellendus. Sed molestiae dicta ullam.', 3, '2020-06-17 08:56:32', '2020-06-17 08:56:32'),
(71, 108, 'Dr. Percival Wisoky Jr.', 'Autem impedit nisi veniam voluptatum quia eos impedit quod. Hic aliquid dolor recusandae quo. Nulla voluptatem omnis aut excepturi rerum veritatis non. Adipisci reiciendis sunt esse eius minima debitis minima.', 3, '2020-06-17 08:56:32', '2020-06-17 08:56:32'),
(72, 76, 'Haven Padberg', 'Quasi nihil voluptate sequi commodi voluptatibus aliquam harum mollitia. Ullam harum possimus et ea rerum cupiditate. Aliquam ipsam qui odit in consequatur. Sed quia quis odio est omnis omnis sunt.', 1, '2020-06-17 08:56:32', '2020-06-17 08:56:32'),
(73, 10, 'Haleigh Adams IV', 'Quia facilis aspernatur inventore omnis voluptatem. Minima ut ut sint non velit. Enim aliquam est aperiam eius perspiciatis ut vel. Neque ex ut sapiente iste porro voluptatem.', 4, '2020-06-17 08:56:33', '2020-06-17 08:56:33'),
(74, 113, 'Prof. Greg Cole IV', 'Explicabo nemo iusto quae asperiores. Tenetur laborum nemo est sit reiciendis et distinctio. Nisi rem reiciendis voluptatem vitae corporis. Magni distinctio iusto et atque nemo eum quisquam.', 1, '2020-06-17 08:56:33', '2020-06-17 08:56:33'),
(75, 75, 'Devon Cormier', 'Aut quidem qui culpa totam occaecati voluptatibus facilis. Quae maiores quidem consectetur et. Aperiam nostrum explicabo incidunt dicta eos explicabo distinctio.', 5, '2020-06-17 08:56:33', '2020-06-17 08:56:33'),
(76, 101, 'Hollis Bailey Sr.', 'Maiores culpa consequatur molestiae repellendus. Labore ea quibusdam voluptatem magni adipisci facere. Adipisci ea deserunt sit. Dolore dolores magnam sapiente eligendi sunt et.', 5, '2020-06-17 08:56:33', '2020-06-17 08:56:33'),
(77, 42, 'Amparo Schowalter', 'Tempora amet eligendi consequatur dicta placeat eligendi asperiores. Molestiae est cumque consequatur magnam ipsam illo. Aliquam qui exercitationem molestiae qui a sunt explicabo.', 4, '2020-06-17 08:56:33', '2020-06-17 08:56:33'),
(78, 41, 'Odessa Hettinger', 'Possimus et consequuntur mollitia vero enim atque mollitia. Vitae aliquid ad quam blanditiis id.', 1, '2020-06-17 08:56:33', '2020-06-17 08:56:33'),
(79, 7, 'Bernita Fadel', 'Et facere eveniet placeat ea adipisci. Aliquid sed tempora omnis vero consequuntur dicta est. Est laborum qui dicta molestias nihil non explicabo. Pariatur nihil quam odit.', 3, '2020-06-17 08:56:33', '2020-06-17 08:56:33'),
(80, 10, 'Annabell Zieme', 'Sed qui id repellendus inventore minus velit qui vel. Ipsum excepturi sint voluptas consequatur inventore accusantium possimus. Eum eveniet id adipisci harum natus assumenda dolorem. Tenetur eos qui magnam laudantium.', 2, '2020-06-17 08:56:33', '2020-06-17 08:56:33'),
(81, 91, 'Mohammed Corkery', 'Ducimus officia architecto quae rerum. Neque repellendus dolorem et commodi a consequatur distinctio. Molestias minus nobis ipsa temporibus. Quidem voluptatem eum quia accusantium rerum aut rerum.', 3, '2020-06-17 08:56:33', '2020-06-17 08:56:33'),
(82, 26, 'Guiseppe Mann PhD', 'Voluptate in veniam labore provident tempore. Sed omnis consectetur ducimus magnam. Expedita voluptates iusto tempore quia possimus esse dolorum sit. Debitis et accusantium qui corporis fugit dolor.', 5, '2020-06-17 08:56:33', '2020-06-17 08:56:33'),
(83, 9, 'Samanta Cummerata', 'Occaecati quasi repellendus vero accusamus iusto iste. Ex quam aut eius qui consequuntur et ratione. Ipsum sint quaerat fugiat eveniet cupiditate soluta. Sunt modi beatae qui cum. Recusandae incidunt placeat quidem quas itaque tempora.', 1, '2020-06-17 08:56:33', '2020-06-17 08:56:33'),
(84, 138, 'Miss Magdalena Halvorson PhD', 'Nulla cumque omnis consectetur itaque sit. Velit officia omnis molestiae. Officiis iure neque eum nihil nulla labore. Eos eligendi quis id incidunt. Mollitia illo veniam architecto doloribus et dolores.', 0, '2020-06-17 08:56:33', '2020-06-17 08:56:33'),
(85, 23, 'Dr. Jalon Hermann DDS', 'Quo sunt sunt aut qui voluptates. Consequatur sed harum adipisci animi atque quidem nihil. Amet quo consequatur molestiae omnis eligendi et saepe. Asperiores ut totam labore voluptas nemo corrupti sed. Alias placeat quisquam quis.', 1, '2020-06-17 08:56:33', '2020-06-17 08:56:33'),
(86, 59, 'Cara Borer', 'In repellendus molestias modi nemo iure. Esse illo consequatur odio nihil. Et ipsam voluptate est excepturi voluptatum. Eveniet rerum error commodi rem magnam quidem ut.', 1, '2020-06-17 08:56:33', '2020-06-17 08:56:33'),
(87, 53, 'Elta Hills Jr.', 'Nostrum nisi animi qui dolor perspiciatis reiciendis. Alias aut quam neque rerum vel commodi. Eaque dicta recusandae voluptas officiis. Voluptate adipisci sed officiis placeat recusandae.', 1, '2020-06-17 08:56:33', '2020-06-17 08:56:33'),
(88, 103, 'Yessenia Mueller', 'Et dignissimos aut odit reiciendis cum modi. Aut ipsum nemo voluptas dolorem error molestiae eum.', 3, '2020-06-17 08:56:33', '2020-06-17 08:56:33'),
(89, 145, 'Miss Cristal Feil III', 'Corporis aliquid molestiae modi quasi. Pariatur voluptatum quis et reprehenderit. Nostrum est consequatur sed explicabo quam in dignissimos. Ducimus aut modi qui tempore facilis repellendus.', 5, '2020-06-17 08:56:34', '2020-06-17 08:56:34'),
(90, 17, 'Marge Cruickshank', 'Dolore aliquid aut sunt sint quis asperiores blanditiis qui. Pariatur facere odio natus quo eligendi quia id. Sed quia ut est iusto doloribus ut est.', 1, '2020-06-17 08:56:34', '2020-06-17 08:56:34'),
(91, 123, 'Montana Williamson', 'Repellat facere ut eos quae ea nihil. Ipsa quidem ut exercitationem sed alias id. Officia est animi eum molestiae quam. Delectus sit dolores quia consequuntur debitis voluptates eum.', 4, '2020-06-17 08:56:34', '2020-06-17 08:56:34'),
(92, 94, 'Ms. Erna Frami', 'Voluptatibus ut alias ex recusandae natus. Non ullam ea animi nostrum deleniti et est quis. Aspernatur consequatur quo labore et.', 0, '2020-06-17 08:56:34', '2020-06-17 08:56:34'),
(93, 27, 'Dr. Gabe Johns', 'Quos nisi sit magni est iste. Harum reiciendis minus similique veritatis sit qui quibusdam. Itaque eligendi voluptatum aut aperiam corrupti. Quis cupiditate voluptatem dolorum ut ipsum.', 0, '2020-06-17 08:56:34', '2020-06-17 08:56:34'),
(94, 120, 'Selmer Moore I', 'Autem nulla et quas qui et eveniet exercitationem. Est occaecati inventore laboriosam vitae minima. Minus qui molestias tempore ipsa. Eum fuga commodi porro eveniet.', 1, '2020-06-17 08:56:34', '2020-06-17 08:56:34'),
(95, 74, 'Dr. Shanna Tromp Sr.', 'Quam odit odio aliquid et voluptatem hic. Voluptas incidunt in reprehenderit enim. Fugit ad enim vel neque nesciunt dolorum quia.', 1, '2020-06-17 08:56:34', '2020-06-17 08:56:34'),
(96, 102, 'Ms. Matilda McLaughlin I', 'In est natus odio quia dolorem quos. Nihil et dolorem aut est officiis enim reiciendis. Et illo occaecati quis ea. Blanditiis veniam dolorem est et numquam et corrupti sit. Dolore ipsa similique sed sunt.', 3, '2020-06-17 08:56:34', '2020-06-17 08:56:34'),
(97, 92, 'Catharine Effertz', 'Illo laborum saepe quod aut maxime qui aliquid. Ut pariatur architecto voluptatum et non error. Et ipsa enim dolor fugit quia. Molestiae molestiae molestiae minus.', 5, '2020-06-17 08:56:34', '2020-06-17 08:56:34'),
(98, 44, 'Chad Metz', 'Sint quam sunt in libero repudiandae unde. Consequatur tempora placeat et excepturi architecto beatae numquam. Nam accusamus quis est accusamus reiciendis id.', 5, '2020-06-17 08:56:34', '2020-06-17 08:56:34'),
(99, 12, 'Isabel Fahey', 'Optio dolorem quia praesentium facere in expedita dolorem. Possimus aut totam aut eaque praesentium vel voluptatem. Rerum exercitationem id id nisi sint. Facilis ad ea non sed eum.', 4, '2020-06-17 08:56:34', '2020-06-17 08:56:34'),
(100, 33, 'Miss Elise Gorczany I', 'Tempora sint perferendis praesentium neque ex sint. Et et et illum alias tenetur corporis in. Eos cum repellat dolorem tempore. Numquam sequi soluta illum excepturi quos. Et qui iure beatae odio ea.', 1, '2020-06-17 08:56:34', '2020-06-17 08:56:34'),
(101, 17, 'Mr. Felix Bauch', 'Non provident libero omnis quo eos. Expedita vitae neque non accusantium. Facilis error aut quas commodi reprehenderit.', 0, '2020-06-17 08:56:34', '2020-06-17 08:56:34'),
(102, 146, 'Antonietta Spencer', 'Non quas doloribus recusandae sunt quibusdam ea. Eius adipisci odio harum qui suscipit. Praesentium est voluptate quo veniam quia asperiores praesentium repellat.', 4, '2020-06-17 08:56:34', '2020-06-17 08:56:34'),
(103, 5, 'Dillon Balistreri', 'Consequuntur mollitia aut quo tempora aut laudantium nemo. Aut incidunt consequatur similique ut qui. Accusamus et modi aspernatur est id. Qui reprehenderit quo ea unde sequi.', 2, '2020-06-17 08:56:34', '2020-06-17 08:56:34'),
(104, 111, 'Francesca Stokes', 'Repellendus tenetur et enim dolores magni. Velit quisquam illum quisquam nobis quia aliquam debitis. Fugit et culpa dolores molestiae omnis et. Dicta est officia blanditiis perspiciatis labore et.', 2, '2020-06-17 08:56:34', '2020-06-17 08:56:34'),
(105, 114, 'Prof. Nettie Oberbrunner', 'Ipsa esse hic quos quis suscipit. Sit facere nesciunt sit architecto voluptates enim. Dolorem rerum voluptatem consectetur iusto ut. Nesciunt dolorem quibusdam recusandae cupiditate.', 5, '2020-06-17 08:56:34', '2020-06-17 08:56:34'),
(106, 137, 'Willy Schamberger', 'Totam sapiente velit blanditiis nihil veniam ab explicabo consectetur. Consequatur totam et facere qui alias labore porro. A enim quaerat nesciunt tenetur. Culpa fugiat et nisi voluptatem eligendi et harum. Vel dolore est delectus totam.', 2, '2020-06-17 08:56:34', '2020-06-17 08:56:34'),
(107, 39, 'Paul Rowe I', 'Consequatur odio omnis odio in in et beatae. Voluptatem veritatis iste sequi facilis laborum corporis doloremque. Perferendis voluptas quae explicabo voluptatibus cum doloremque. Ipsa ut voluptatem reprehenderit assumenda veritatis asperiores.', 1, '2020-06-17 08:56:34', '2020-06-17 08:56:34'),
(108, 108, 'Jordon Wunsch IV', 'Voluptatem distinctio quod aliquam dolorem consequatur. Omnis id natus excepturi error quas. Temporibus blanditiis autem et quo et quos. Autem id dolorem et sed consequatur omnis.', 0, '2020-06-17 08:56:34', '2020-06-17 08:56:34'),
(109, 133, 'Dr. Leora Towne II', 'Rerum ut a sed harum maiores. Sit aut tempora id quia id animi architecto. Ullam iste tempora non molestiae neque. Esse sint nobis reprehenderit nisi totam perferendis. Quo soluta qui quo voluptate.', 4, '2020-06-17 08:56:34', '2020-06-17 08:56:34'),
(110, 72, 'Oda Turner', 'Id placeat non magni dolorem qui assumenda inventore. Explicabo eligendi quibusdam qui praesentium. Reiciendis voluptas non incidunt nihil maiores possimus saepe.', 1, '2020-06-17 08:56:34', '2020-06-17 08:56:34'),
(111, 94, 'Dr. Luisa Wunsch DVM', 'Atque quia id aut sit est cupiditate. Quasi earum aliquam error soluta. Suscipit quo voluptatem doloribus non aperiam.', 2, '2020-06-17 08:56:34', '2020-06-17 08:56:34'),
(112, 89, 'Mr. Raymond Schultz', 'Aut et et rerum itaque fugiat. Iure dolor eum tenetur qui necessitatibus ipsa est.', 0, '2020-06-17 08:56:34', '2020-06-17 08:56:34'),
(113, 60, 'Nina Ratke', 'Quia vel aut omnis dignissimos delectus ratione animi. In et ea quibusdam laboriosam sequi. Et veritatis nam cupiditate ut mollitia. Numquam at autem et quo autem nihil consequuntur.', 3, '2020-06-17 08:56:34', '2020-06-17 08:56:34'),
(114, 132, 'Salma Schinner', 'Eos mollitia aut nihil officiis et suscipit. Ratione qui doloremque et sapiente repellendus. Porro labore quia nihil repudiandae.', 0, '2020-06-17 08:56:34', '2020-06-17 08:56:34'),
(115, 27, 'Dr. Effie Gorczany V', 'Omnis ut corporis iusto. Numquam repudiandae ipsam qui et placeat ab voluptas esse. Odit ducimus necessitatibus molestiae sit eum et corporis.', 4, '2020-06-17 08:56:34', '2020-06-17 08:56:34'),
(116, 57, 'Mrs. Maria Rowe', 'Iste odio dolorem labore voluptatum distinctio aut quia. Et impedit dolores sint. Necessitatibus earum minima dignissimos deleniti qui rerum velit quas.', 1, '2020-06-17 08:56:34', '2020-06-17 08:56:34'),
(117, 29, 'Katelin Mraz', 'Et ut et quia quam. Doloribus quisquam dignissimos soluta quaerat odio excepturi a. Sed et expedita quidem quisquam reprehenderit sed et rem.', 1, '2020-06-17 08:56:34', '2020-06-17 08:56:34'),
(118, 15, 'Prof. Darion Hauck Sr.', 'Ut expedita quisquam architecto est ut rerum. Accusamus ut voluptatum impedit vel ab neque.', 1, '2020-06-17 08:56:34', '2020-06-17 08:56:34'),
(119, 25, 'Wilfrid Sipes', 'Ut autem exercitationem nihil autem explicabo. Facere id adipisci harum nobis minus cumque. Est placeat quo consequatur temporibus natus voluptatem.', 0, '2020-06-17 08:56:34', '2020-06-17 08:56:34'),
(120, 150, 'Jacinthe Gutkowski', 'Eum quisquam et a ipsa. Sunt ut sed sunt voluptatem. Voluptatem facilis nobis dolores unde.', 0, '2020-06-17 08:56:34', '2020-06-17 08:56:34'),
(121, 70, 'Aniyah Schroeder II', 'Qui voluptas eum eum esse libero illo. Ipsa laborum nemo praesentium voluptatibus quia expedita. Mollitia minima id nisi voluptas quia laboriosam necessitatibus.', 3, '2020-06-17 08:56:35', '2020-06-17 08:56:35'),
(122, 23, 'Mr. Terry Christiansen II', 'Amet tenetur consequatur praesentium est labore dolores. Qui rerum accusantium laboriosam earum qui repudiandae. Et non et ducimus nobis consequatur. Numquam est cumque asperiores eaque.', 5, '2020-06-17 08:56:35', '2020-06-17 08:56:35'),
(123, 116, 'Prof. Adah Boyer', 'Et aut eligendi quibusdam occaecati aut rerum amet. Quia voluptates ut cumque ut corrupti omnis. Voluptatum expedita quibusdam dignissimos aspernatur labore. Est adipisci commodi aliquam omnis vitae doloribus temporibus. Tempore accusamus molestiae ut voluptas delectus.', 5, '2020-06-17 08:56:35', '2020-06-17 08:56:35'),
(124, 1, 'Gideon Pacocha', 'Sit qui molestiae odio quis sit nisi et. Vel exercitationem qui explicabo nemo qui sit sint. Ipsa totam voluptatem similique omnis cupiditate. Dolor commodi perspiciatis voluptas eaque corporis eaque mollitia. Itaque fugiat perferendis nam.', 1, '2020-06-17 08:56:35', '2020-06-17 08:56:35'),
(125, 54, 'Ms. Burdette Harris', 'Corrupti ut nostrum beatae perspiciatis voluptate ut quo. Veniam tempora fugiat rerum. Nesciunt qui id nemo dolorem occaecati.', 4, '2020-06-17 08:56:35', '2020-06-17 08:56:35'),
(126, 135, 'Otto Abbott', 'Porro eum quia voluptas similique non accusantium magnam sunt. Doloremque sit ut ab voluptas provident beatae impedit. Voluptatem est voluptas similique porro ipsum voluptatibus. Soluta earum pariatur velit unde dolor. Modi consequatur repudiandae sed libero iusto doloremque.', 4, '2020-06-17 08:56:35', '2020-06-17 08:56:35'),
(127, 100, 'Casimir Thompson', 'Voluptas explicabo non consequatur ducimus repudiandae. Optio consequuntur doloremque et eos non quia laborum quisquam. Fuga quia ab qui sint doloremque at. A odio aut est tempore molestiae sed.', 0, '2020-06-17 08:56:35', '2020-06-17 08:56:35'),
(128, 121, 'Dr. Saul Waelchi Jr.', 'Minus quis qui cumque mollitia. Aut voluptate cupiditate totam. Voluptatem culpa impedit totam occaecati non voluptatem. Qui id exercitationem laudantium laborum quasi.', 1, '2020-06-17 08:56:35', '2020-06-17 08:56:35'),
(129, 139, 'Dr. Hillard Price', 'Qui dolorem quia id enim est aut reiciendis. Delectus dolores voluptatem soluta maxime qui. Aliquid voluptas nostrum doloribus mollitia sit. Ut nemo enim nihil qui.', 4, '2020-06-17 08:56:35', '2020-06-17 08:56:35'),
(130, 1, 'Ms. Madalyn Crooks', 'Quasi et et et similique error culpa laborum in. Ut deserunt aut velit. Vero ullam non corporis.', 4, '2020-06-17 08:56:35', '2020-06-17 08:56:35'),
(131, 69, 'Nathanial Orn', 'Ea et excepturi eveniet aperiam. Et consequuntur modi aut deleniti. Amet eum quos ut odio.', 3, '2020-06-17 08:56:35', '2020-06-17 08:56:35'),
(132, 65, 'Oda Rath I', 'Id voluptas qui tenetur blanditiis vero voluptatibus. Repellat doloremque atque dolorem nostrum placeat repellendus. Culpa maiores officiis ea rerum dolores.', 2, '2020-06-17 08:56:35', '2020-06-17 08:56:35'),
(133, 113, 'Miss Nya Lemke', 'Id placeat et temporibus. Atque voluptatum eum sequi quo dolorum omnis nisi.', 1, '2020-06-17 08:56:35', '2020-06-17 08:56:35'),
(134, 24, 'Eleanore Maggio', 'Temporibus ut perferendis sit ut itaque voluptates fugiat vel. Voluptatem aut ipsum recusandae. Fugiat magni iste esse et distinctio.', 3, '2020-06-17 08:56:35', '2020-06-17 08:56:35'),
(135, 17, 'Matilde Wunsch', 'Tenetur qui quibusdam culpa ut labore inventore dolores. Quam consequuntur harum eos accusantium dolor. Omnis dignissimos animi labore quia suscipit molestiae.', 2, '2020-06-17 08:56:35', '2020-06-17 08:56:35'),
(136, 108, 'Elias Beer', 'Ullam atque minus molestias qui consequatur. Quia nesciunt ut saepe et beatae repellendus dicta. Quasi dolore accusantium voluptas eum. Quia eos tenetur quis voluptas modi.', 1, '2020-06-17 08:56:35', '2020-06-17 08:56:35'),
(137, 1, 'Prof. Laney Ondricka II', 'Occaecati id cupiditate odit voluptatibus. Quae minima veniam voluptatum sed fugiat. Qui asperiores dolores optio dolorem. Perferendis qui id iste est iure similique molestias est.', 2, '2020-06-17 08:56:35', '2020-06-17 08:56:35'),
(138, 7, 'Dr. Oda Bosco', 'Ipsa mollitia itaque a provident. Doloremque error commodi reprehenderit nisi. Aut maxime praesentium voluptas et et non. Qui alias laudantium velit doloremque aut.', 5, '2020-06-17 08:56:35', '2020-06-17 08:56:35'),
(139, 127, 'Jackeline Ryan III', 'Sint alias nulla et accusantium ea. Quia perspiciatis voluptas debitis illum doloribus voluptatem illum. Eum ut velit praesentium similique aspernatur possimus vel aut. Aut veniam est est.', 2, '2020-06-17 08:56:35', '2020-06-17 08:56:35'),
(140, 59, 'Damon Weber', 'Asperiores dolorem explicabo accusamus quo exercitationem non. Est sit minus dignissimos iusto et ipsum et perspiciatis.', 1, '2020-06-17 08:56:35', '2020-06-17 08:56:35'),
(141, 131, 'Prof. Brandt Mertz', 'Qui sed repellat nesciunt saepe. Quia velit nemo nemo sed.', 4, '2020-06-17 08:56:35', '2020-06-17 08:56:35'),
(142, 39, 'Hollis Green', 'Illo similique est exercitationem sunt. Beatae cumque est eum. Rerum et vero laudantium. Dolor consequuntur repellendus et labore quia odio illo.', 0, '2020-06-17 08:56:35', '2020-06-17 08:56:35'),
(143, 15, 'Prof. Edgar Reilly', 'Nemo rerum harum facilis voluptates. Labore velit ut et ut atque aliquam. Omnis voluptas voluptatem ut illum est ut beatae.', 5, '2020-06-17 08:56:35', '2020-06-17 08:56:35'),
(144, 101, 'Dr. Helene Schimmel DVM', 'Quibusdam eos dolor facilis harum perferendis aut. Unde esse nulla fugiat voluptates. Voluptatem officia cupiditate recusandae assumenda molestiae eos animi.', 0, '2020-06-17 08:56:35', '2020-06-17 08:56:35'),
(145, 130, 'Claudie Ernser', 'Eaque repellat omnis quae debitis natus harum asperiores. Modi ut fugit omnis accusantium doloremque dignissimos quaerat. Voluptas sapiente necessitatibus ut nam. Culpa porro in maxime dicta ut nobis. Doloremque consequuntur voluptates corporis nobis.', 3, '2020-06-17 08:56:35', '2020-06-17 08:56:35'),
(146, 27, 'Merle Torp', 'Qui dolor voluptas molestiae illo rem minus molestiae consequatur. Et in ipsam aut distinctio molestiae. Esse dolor architecto nostrum repellendus et esse.', 4, '2020-06-17 08:56:35', '2020-06-17 08:56:35'),
(147, 59, 'Oliver Bauch', 'Deleniti possimus eaque minima sequi voluptates recusandae quod. Qui itaque delectus dolores quo. Dolorem libero aspernatur aut vitae aut id nobis.', 1, '2020-06-17 08:56:35', '2020-06-17 08:56:35'),
(148, 3, 'Kenton Hegmann', 'Nihil maxime soluta repellendus sit enim. Rerum explicabo voluptas pariatur voluptatem ducimus sunt recusandae. Culpa et deserunt ea repudiandae ut occaecati.', 2, '2020-06-17 08:56:35', '2020-06-17 08:56:35'),
(149, 3, 'Darian Schroeder V', 'Omnis non et sit aliquam nam sit. Deserunt qui debitis expedita minima autem. Est quasi ullam maxime recusandae aspernatur omnis voluptatem. Quia sunt provident nisi quis omnis et.', 4, '2020-06-17 08:56:35', '2020-06-17 08:56:35'),
(150, 79, 'Mrs. Jakayla Paucek V', 'Sunt ut sequi quae vel fugiat commodi voluptate. Quos sed nulla cum ut suscipit. Dolorum iste eveniet illum error est sed.', 4, '2020-06-17 08:56:35', '2020-06-17 08:56:35'),
(151, 42, 'Elenor Aufderhar', 'Et deserunt culpa sed autem laboriosam autem doloremque. At rem pariatur totam incidunt quia vero doloribus officia. Veniam numquam ad voluptatem qui dicta neque. Eum et similique quas dolorem tempora.', 2, '2020-06-17 08:56:35', '2020-06-17 08:56:35'),
(152, 112, 'Johan Lebsack', 'Eaque veniam quos qui. Temporibus delectus et qui officiis voluptatem dolore placeat. Sed soluta omnis voluptas. Voluptate exercitationem quod minus aut eos.', 1, '2020-06-17 08:56:35', '2020-06-17 08:56:35'),
(153, 147, 'Carson Koepp MD', 'Nihil eum quas enim voluptatum aperiam est. Magnam aspernatur autem vel officia in molestiae inventore. Culpa et quasi minus eum eius. Placeat dolores sunt voluptate ratione ratione.', 2, '2020-06-17 08:56:35', '2020-06-17 08:56:35'),
(154, 144, 'Kameron Hodkiewicz', 'Magni aspernatur exercitationem dolores minus sit optio quia. Non et animi dolor vel eius quis aliquid.', 2, '2020-06-17 08:56:35', '2020-06-17 08:56:35'),
(155, 13, 'Prof. Schuyler Gutmann I', 'Praesentium odit dolor exercitationem dolores esse. Voluptatem nam provident nisi dolorem sapiente ut nobis. Occaecati veritatis non doloribus doloribus.', 2, '2020-06-17 08:56:36', '2020-06-17 08:56:36'),
(156, 45, 'Nadia Borer', 'Omnis est rerum tempora harum. Saepe qui reiciendis aut sed voluptas ea. Occaecati neque et eligendi libero perspiciatis. Cumque sed harum consectetur delectus.', 2, '2020-06-17 08:56:36', '2020-06-17 08:56:36'),
(157, 106, 'Adolfo Rice', 'Facere sed vel quis est consequatur. Maiores delectus at suscipit ipsa eligendi sunt. At repellendus qui et doloribus dolorem excepturi porro.', 0, '2020-06-17 08:56:36', '2020-06-17 08:56:36'),
(158, 52, 'Thomas Balistreri', 'Dolore distinctio ducimus animi dolores. Odit molestias mollitia iusto asperiores alias rem. Officia qui qui alias enim non qui. Repellendus quo a qui debitis eaque suscipit.', 3, '2020-06-17 08:56:36', '2020-06-17 08:56:36'),
(159, 122, 'Dr. Nils Carter V', 'Sapiente qui veniam aut sit recusandae. Iste et voluptatum ut quas error mollitia quas ut. Quas repellat eum deleniti ipsam voluptatem corrupti.', 2, '2020-06-17 08:56:36', '2020-06-17 08:56:36'),
(160, 63, 'Prof. Mose Heathcote', 'Magnam rerum autem eum. Quidem adipisci quasi ut doloribus impedit in. Consequatur rerum alias autem veritatis.', 0, '2020-06-17 08:56:36', '2020-06-17 08:56:36'),
(161, 37, 'Mr. London Eichmann', 'Accusamus quia qui quia et facilis. Sed aut qui ea repellendus. Voluptatem omnis qui qui architecto enim. Consectetur commodi ullam vel in nulla dolore praesentium.', 4, '2020-06-17 08:56:36', '2020-06-17 08:56:36'),
(162, 79, 'Adah Zemlak DVM', 'Voluptatum voluptas cumque distinctio ut. Est repudiandae qui omnis iusto doloremque omnis omnis. Sint temporibus dolor aperiam in animi et. Quia sed laudantium inventore quas tempore quis. Esse molestias consequatur necessitatibus ut ipsa amet qui.', 0, '2020-06-17 08:56:36', '2020-06-17 08:56:36'),
(163, 27, 'Theresia Lemke', 'Facilis maiores explicabo omnis minima. Illo qui repudiandae necessitatibus vel. Modi assumenda et eum atque molestiae. Modi recusandae accusantium quidem distinctio nisi.', 2, '2020-06-17 08:56:36', '2020-06-17 08:56:36'),
(164, 10, 'Dario Ruecker II', 'Ut voluptatem dignissimos vel rerum hic. Corporis eos molestiae animi. Voluptatibus ea mollitia illum aut necessitatibus et ducimus saepe. Vel a assumenda distinctio vel et aut a est.', 0, '2020-06-17 08:56:36', '2020-06-17 08:56:36'),
(165, 145, 'Stephon Wiza', 'Voluptate asperiores odio sint est ut aliquam non. Assumenda perferendis ut sint ipsam quia. Qui dolorem alias dolor nisi maiores alias quam. Veritatis sunt autem sunt quibusdam eum perferendis.', 3, '2020-06-17 08:56:36', '2020-06-17 08:56:36'),
(166, 104, 'Fern Moore', 'Iure consectetur eaque eum quis. Consequuntur eum incidunt in est et animi ut voluptas. Nesciunt nulla pariatur ratione aliquid rerum et. Omnis est id doloribus et rem sunt. Quasi impedit qui neque debitis.', 1, '2020-06-17 08:56:36', '2020-06-17 08:56:36'),
(167, 129, 'Amy Denesik', 'Reiciendis magni tempore sed eligendi molestiae facere. Voluptatem et cumque suscipit magni aperiam sequi et.', 0, '2020-06-17 08:56:36', '2020-06-17 08:56:36'),
(168, 76, 'Sydnee Lakin', 'Tempora voluptatem sapiente iste explicabo fugiat odio. A quis necessitatibus ut ex commodi. Dolor ut recusandae laboriosam perferendis aut architecto.', 5, '2020-06-17 08:56:36', '2020-06-17 08:56:36'),
(169, 31, 'Dr. Jayson D\'Amore DDS', 'Nam error sint aliquid ipsum est ducimus laborum. Quibusdam laboriosam maxime incidunt et et rem. Quis magnam unde dolores vitae aut.', 3, '2020-06-17 08:56:36', '2020-06-17 08:56:36'),
(170, 44, 'Wendell Reichert Sr.', 'Et consequatur id est qui. Perferendis tempora rem voluptate nam facilis quo et aut. Quam accusamus maxime atque.', 2, '2020-06-17 08:56:36', '2020-06-17 08:56:36'),
(171, 93, 'Dr. Madie Wolff', 'Perferendis labore eum illo molestiae odio. Sequi voluptatem quidem illo hic rem placeat eveniet unde. Aliquam et accusamus qui. Mollitia aut doloremque harum officiis rerum. Dolores numquam atque quis cupiditate incidunt distinctio dicta perferendis.', 4, '2020-06-17 08:56:36', '2020-06-17 08:56:36'),
(172, 75, 'Isidro Walter', 'Rerum dolor et et consequatur tempora illum. Consequatur asperiores voluptas a ullam dolorum impedit doloribus. Debitis accusamus quibusdam natus earum vel facere autem. Id ratione debitis mollitia aut.', 2, '2020-06-17 08:56:36', '2020-06-17 08:56:36'),
(173, 24, 'Layne Schaefer', 'Magnam totam sed reiciendis quod facilis. Non aut sint velit aperiam aut velit saepe omnis. Nisi minima veniam culpa aut pariatur ut. Et explicabo magni quia fugiat et odio ullam. Aspernatur repellat et ab itaque est.', 3, '2020-06-17 08:56:37', '2020-06-17 08:56:37'),
(174, 135, 'Sarai Hegmann', 'Dolorum sit enim earum sapiente atque. In ipsam tempora odit et animi. Eos eum rem deleniti eum totam.', 5, '2020-06-17 08:56:37', '2020-06-17 08:56:37'),
(175, 120, 'Dr. Tre Sawayn', 'Eos cum nobis tempore tenetur vel ex et. Et et aut est. Est reprehenderit repellat ut ipsam doloremque facilis.', 4, '2020-06-17 08:56:37', '2020-06-17 08:56:37'),
(176, 122, 'Mariana Wiegand', 'Autem doloremque commodi quaerat et autem enim. Velit minus reprehenderit dolor est ex velit non. Ratione ipsam praesentium eum molestiae alias est aut.', 5, '2020-06-17 08:56:37', '2020-06-17 08:56:37'),
(177, 44, 'Prof. Monserrat Fisher', 'Unde tempora iure ex et dicta est qui quia. Et harum itaque corrupti aut aliquid. Officiis velit sequi ipsum.', 2, '2020-06-17 08:56:37', '2020-06-17 08:56:37'),
(178, 77, 'Haven Blanda', 'Tempore ducimus porro ex harum. Corrupti maxime nemo sit nulla quia expedita odio consequatur. Cum culpa quis cupiditate velit fuga totam. Veniam ut non enim qui incidunt quis nulla saepe. Debitis inventore praesentium molestias vel laboriosam suscipit.', 4, '2020-06-17 08:56:37', '2020-06-17 08:56:37'),
(179, 110, 'Melvin Brekke PhD', 'Perferendis amet saepe eligendi nobis. Quia tempora exercitationem et ab accusantium cupiditate eos. Omnis modi et sunt id. Aspernatur molestiae consequuntur et nesciunt possimus.', 3, '2020-06-17 08:56:37', '2020-06-17 08:56:37'),
(180, 39, 'Lavina Kuhn', 'Qui quia quasi eius repellendus. Aut alias culpa qui quia sapiente dolores.', 0, '2020-06-17 08:56:37', '2020-06-17 08:56:37'),
(181, 136, 'Dr. Nora Rowe II', 'Sint doloremque est minima recusandae delectus vel praesentium. Laboriosam voluptatem quae est voluptas. Natus numquam minima quam. Eum ea quia autem repellendus eum numquam.', 2, '2020-06-17 08:56:37', '2020-06-17 08:56:37'),
(182, 57, 'Gilbert McCullough', 'Dolores possimus ut quibusdam. Autem voluptatem inventore accusamus et. Accusantium quia quod voluptatibus totam. Odio similique asperiores aut qui.', 3, '2020-06-17 08:56:37', '2020-06-17 08:56:37'),
(183, 31, 'Fabian Padberg', 'Placeat hic eligendi et officia animi quisquam. Corrupti odit in voluptates officiis facere. Amet beatae sequi rem impedit.', 3, '2020-06-17 08:56:37', '2020-06-17 08:56:37'),
(184, 49, 'Mrs. Sharon Renner IV', 'Ut ex ab molestiae quam. Nam doloribus at assumenda praesentium sed eum. Adipisci et voluptatem assumenda esse non. Nihil itaque corrupti eaque amet.', 5, '2020-06-17 08:56:37', '2020-06-17 08:56:37'),
(185, 77, 'Marielle Lang V', 'Qui soluta vel fugiat hic velit optio. Sit et neque quibusdam ratione quia ut dicta. Nam sapiente sit vel tenetur magnam. Nam dolores exercitationem aliquid perspiciatis laborum quo. Fugiat blanditiis voluptatem iure esse.', 2, '2020-06-17 08:56:37', '2020-06-17 08:56:37'),
(186, 119, 'Prof. Justus Pacocha', 'Nisi fugit quia ipsum omnis facilis mollitia delectus optio. Consequatur voluptatum quas qui dolorem. Labore in quaerat illo nemo itaque reiciendis provident.', 2, '2020-06-17 08:56:37', '2020-06-17 08:56:37'),
(187, 126, 'Eleazar Marvin', 'Fugit sit aspernatur omnis id iste. Praesentium esse facilis ut dolorum et labore. Modi voluptas asperiores debitis qui est optio aut.', 0, '2020-06-17 08:56:37', '2020-06-17 08:56:37'),
(188, 75, 'Bria Herzog', 'Inventore voluptas quia cumque asperiores unde voluptas rem. Ut est sunt vel quas. Nihil consectetur autem sed est. Ad qui possimus atque est consequatur maxime cumque.', 5, '2020-06-17 08:56:37', '2020-06-17 08:56:37'),
(189, 131, 'Dr. Walton Bins DVM', 'Tempora sit et voluptas quam. Voluptates mollitia ut consectetur expedita aliquam qui. Aut molestias facere consequuntur excepturi nihil illum adipisci eveniet. Dolor accusamus beatae nulla voluptatem ratione dolor. Voluptatem aut accusantium omnis at et nostrum.', 5, '2020-06-17 08:56:37', '2020-06-17 08:56:37'),
(190, 53, 'Alfredo Kohler', 'Quibusdam voluptatem expedita omnis. Officiis error quibusdam voluptatum quidem architecto omnis minima dolores. Nisi in autem ut et.', 2, '2020-06-17 08:56:37', '2020-06-17 08:56:37'),
(191, 43, 'Kay Collins', 'Officia aperiam illo tenetur est sunt. Voluptas perspiciatis nihil quos corrupti. Voluptatibus at laboriosam officia velit vitae dolor error.', 4, '2020-06-17 08:56:38', '2020-06-17 08:56:38'),
(192, 65, 'Mr. Mario O\'Reilly Sr.', 'Est reprehenderit ut omnis dolorum tempora optio quod. Aut nulla aperiam sed id tenetur.', 2, '2020-06-17 08:56:38', '2020-06-17 08:56:38'),
(193, 150, 'Mrs. Mina Powlowski', 'Molestiae rem sapiente ea reprehenderit aliquam vel sequi. Quasi fuga nam quia autem. Quo nulla sit minus voluptatem labore commodi iusto.', 1, '2020-06-17 08:56:38', '2020-06-17 08:56:38'),
(194, 145, 'Carmine Gleason', 'Eligendi omnis eos soluta magni temporibus eos qui recusandae. Impedit cumque voluptatem quia quod qui. Nemo sint et sapiente est odit ut nam iusto.', 1, '2020-06-17 08:56:38', '2020-06-17 08:56:38'),
(195, 81, 'Sienna Hessel', 'Repellat et similique libero ipsa explicabo et at. Repudiandae nihil ut quam asperiores laudantium voluptatem.', 4, '2020-06-17 08:56:38', '2020-06-17 08:56:38'),
(196, 48, 'Brayan Lind', 'Occaecati enim ea et cupiditate quae. Est et nisi ut. Iure accusamus est possimus ea quaerat in.', 4, '2020-06-17 08:56:38', '2020-06-17 08:56:38'),
(197, 133, 'Prof. Regan Mosciski Jr.', 'Nam pariatur praesentium ut et quae nam. Ut fuga enim facilis quam. Corporis enim neque praesentium ducimus aut ea. Illo nam temporibus occaecati corrupti.', 5, '2020-06-17 08:56:38', '2020-06-17 08:56:38'),
(198, 19, 'Myrna Bergstrom', 'Rerum aliquid autem dolorum ut ipsa enim quos. Ducimus consequatur maiores aut doloribus totam quia aut. Omnis quasi sed quo. Repudiandae et odit cum repudiandae voluptas facilis.', 3, '2020-06-17 08:56:38', '2020-06-17 08:56:38'),
(199, 60, 'Jarret Fahey', 'Rerum explicabo et suscipit sit debitis magni. Nam architecto exercitationem omnis quia similique quis minima. Et in molestiae ipsa laudantium eum cupiditate amet. Consequatur et laborum quis qui laboriosam.', 3, '2020-06-17 08:56:38', '2020-06-17 08:56:38'),
(200, 140, 'Mr. August Hintz I', 'Veniam et nihil similique soluta vitae et. Ut neque dolorem sint eligendi. Quisquam in delectus nemo sunt et reprehenderit aut.', 3, '2020-06-17 08:56:38', '2020-06-17 08:56:38'),
(201, 79, 'Ms. Viva Weimann', 'Molestiae aut quia molestias cumque. Id doloribus nemo blanditiis quam nihil molestiae consequatur laboriosam. Ut voluptatibus dignissimos aut voluptatum tenetur facilis eos et. Velit corrupti tempore quam saepe.', 3, '2020-06-17 08:56:38', '2020-06-17 08:56:38'),
(202, 141, 'Annamarie Sawayn', 'Exercitationem in rerum doloremque labore et non. Dicta harum quis est aut aspernatur aut. Impedit ad consequatur error repudiandae. Porro nobis illo facere eius.', 0, '2020-06-17 08:56:38', '2020-06-17 08:56:38'),
(203, 66, 'Prof. Antwan Conroy', 'Quo quas quia minus et autem quia expedita. Necessitatibus repudiandae ab quod ratione.', 5, '2020-06-17 08:56:38', '2020-06-17 08:56:38'),
(204, 18, 'Winfield Franecki', 'Qui magni at quo commodi. Qui nulla dolore non. Nihil aut aut sint non ratione placeat et. Amet autem repellendus sed consequatur.', 5, '2020-06-17 08:56:38', '2020-06-17 08:56:38');
INSERT INTO `reviews` (`id`, `product_id`, `customer`, `review`, `star`, `created_at`, `updated_at`) VALUES
(205, 96, 'Dr. Aurore Cruickshank', 'Qui hic a dolore quae expedita quo dolor. Velit aut illum velit ipsum. Temporibus quod sit qui occaecati et. Et quia impedit molestiae accusantium et hic. Sint laboriosam non adipisci dolorem.', 0, '2020-06-17 08:56:38', '2020-06-17 08:56:38'),
(206, 129, 'Lula Dare', 'Blanditiis omnis quo porro occaecati consequatur ut dicta. Quibusdam non eveniet nihil. Rerum neque similique cumque quaerat consequatur.', 1, '2020-06-17 08:56:38', '2020-06-17 08:56:38'),
(207, 118, 'Dr. Alysa Reichel I', 'Autem sint dolore quos dolor exercitationem sapiente pariatur impedit. Soluta dolor aut dolor nesciunt libero nulla fugiat. Harum culpa libero esse quia similique.', 2, '2020-06-17 08:56:38', '2020-06-17 08:56:38'),
(208, 147, 'Prof. Vicente Schuppe', 'Dolorem consequatur adipisci dolor. Sint facere doloribus qui ipsa. Debitis repudiandae laudantium eveniet tempora officia architecto. Occaecati beatae ut assumenda asperiores quam. Architecto asperiores sunt tempore iure possimus.', 2, '2020-06-17 08:56:38', '2020-06-17 08:56:38'),
(209, 142, 'Rowland Reichert', 'Vel quasi eum vitae iusto repudiandae ad soluta. Dolorem dolores numquam qui. Placeat numquam eum in sunt id. Architecto quasi in quia qui autem cum.', 0, '2020-06-17 08:56:38', '2020-06-17 08:56:38'),
(210, 89, 'Deion Rohan', 'Et molestiae aut debitis quia. In rem commodi qui modi ut. Illum facere dicta est et. Laboriosam et ducimus saepe necessitatibus rem doloribus.', 0, '2020-06-17 08:56:38', '2020-06-17 08:56:38'),
(211, 110, 'Nicholas Brakus V', 'Rem et explicabo id dolorum. Consequatur magnam perspiciatis qui voluptates quos beatae. Cum ut beatae vero ducimus ut at error eaque. Ratione id quis sapiente dolores non voluptatum ad.', 2, '2020-06-17 08:56:38', '2020-06-17 08:56:38'),
(212, 48, 'Jan Durgan', 'Beatae enim architecto molestias nihil. Molestiae eius dolores eum minus aut fugiat. Et repellat pariatur et.', 0, '2020-06-17 08:56:38', '2020-06-17 08:56:38'),
(213, 119, 'Elva Kuhn', 'Iste ea non numquam vel odio consequuntur quia. Ut nam dolorem eos. Corrupti hic inventore consequatur exercitationem.', 2, '2020-06-17 08:56:38', '2020-06-17 08:56:38'),
(214, 120, 'Eliane Collins', 'Maiores ipsum officiis quibusdam nesciunt et. Quia nisi eius consequatur consequatur. Molestias voluptate sit debitis perferendis eaque ipsum. Soluta ratione necessitatibus assumenda omnis.', 4, '2020-06-17 08:56:38', '2020-06-17 08:56:38'),
(215, 87, 'Garry Hirthe', 'Nam non deleniti ipsum laudantium soluta libero. Nihil deserunt aut aut fugit sint amet et. Ratione eum qui aliquid numquam aperiam quam provident.', 4, '2020-06-17 08:56:38', '2020-06-17 08:56:38'),
(216, 143, 'Pasquale Rau I', 'Dolorem impedit a aut laboriosam. Assumenda odio dolorem ipsa qui ut officia corrupti. Minus sint laudantium repudiandae quidem deserunt ab qui. Adipisci numquam molestiae molestias rerum.', 5, '2020-06-17 08:56:39', '2020-06-17 08:56:39'),
(217, 64, 'Sidney Mayer', 'Itaque vel iusto dolore eum ut. Voluptatum excepturi minima voluptate laborum. A fuga saepe veritatis temporibus odio recusandae commodi.', 4, '2020-06-17 08:56:39', '2020-06-17 08:56:39'),
(218, 26, 'Prof. Dwight Prohaska', 'Ut assumenda et omnis omnis rerum et excepturi magnam. Id autem quis suscipit aut vitae dolores. Et et perferendis ut ut.', 1, '2020-06-17 08:56:39', '2020-06-17 08:56:39'),
(219, 46, 'Michele Roberts', 'Excepturi in ad quam qui reprehenderit voluptatem. Reprehenderit quam placeat quidem velit. Eum voluptates est et at veniam.', 1, '2020-06-17 08:56:39', '2020-06-17 08:56:39'),
(220, 15, 'Steve Walsh', 'Velit ut accusamus quibusdam sed et. Velit totam quod sint eius. Maxime delectus rerum est.', 2, '2020-06-17 08:56:39', '2020-06-17 08:56:39'),
(221, 125, 'Araceli Stroman', 'Est reprehenderit sunt illo est voluptatum quisquam. Repellat quisquam et excepturi dolore impedit.', 5, '2020-06-17 08:56:39', '2020-06-17 08:56:39'),
(222, 56, 'Cathrine Rodriguez', 'Suscipit esse et cum ut dicta accusantium. Eveniet ea et porro eveniet autem. Officiis quia qui sed voluptas assumenda dolor. Voluptatem omnis impedit aut laudantium.', 5, '2020-06-17 08:56:39', '2020-06-17 08:56:39'),
(223, 147, 'Mrs. Tierra Ernser', 'Rerum asperiores voluptatem repudiandae sed. Vero soluta consequatur ullam laborum. Ea minus deleniti qui qui voluptatem. Consequuntur omnis beatae aut similique vel delectus id delectus.', 5, '2020-06-17 08:56:39', '2020-06-17 08:56:39'),
(224, 146, 'Ms. Assunta Heidenreich III', 'Rerum facere optio sint debitis qui distinctio. Excepturi itaque quam natus porro nobis aliquid. Et aliquam commodi aut. Quo est aut odit sed veniam sed a maiores.', 2, '2020-06-17 08:56:39', '2020-06-17 08:56:39'),
(225, 65, 'Mrs. Sabrina Kshlerin', 'Dolor vel aliquid impedit voluptatibus sit. Dignissimos quis optio accusantium asperiores doloribus voluptatem. Iure explicabo repudiandae a debitis et nesciunt. Reiciendis est corporis dolor similique. Unde tempore exercitationem sint et totam suscipit omnis.', 4, '2020-06-17 08:56:39', '2020-06-17 08:56:39'),
(226, 106, 'Prof. Sonia Kiehn PhD', 'Est sit aut dicta et earum minima. Quae rem fugiat eos natus at dignissimos. Dolorum eius id laboriosam et saepe nostrum sit ipsa.', 0, '2020-06-17 08:56:39', '2020-06-17 08:56:39'),
(227, 137, 'Gayle Hand', 'Velit nihil tempora necessitatibus in. Ipsum perspiciatis omnis omnis et dignissimos. Voluptas atque voluptas laborum voluptatibus sunt illum et. Ratione ratione quo corrupti accusantium corrupti. Ab eum architecto at expedita iusto earum.', 5, '2020-06-17 08:56:39', '2020-06-17 08:56:39'),
(228, 11, 'Michaela Ankunding', 'Quos doloribus ut magnam. Aliquid nihil modi inventore illo. Sit omnis quibusdam temporibus quia maiores.', 3, '2020-06-17 08:56:39', '2020-06-17 08:56:39'),
(229, 45, 'Deon Kassulke PhD', 'Cumque molestiae aut accusantium illo distinctio voluptatem earum. Reprehenderit repellat blanditiis nemo ex eos quae et atque. Vero vero sed ut asperiores est architecto. Rerum est at quibusdam ut iure delectus non.', 1, '2020-06-17 08:56:39', '2020-06-17 08:56:39'),
(230, 145, 'Tanya Lebsack III', 'Dolor aliquid aut expedita magni aut sed voluptatem autem. Ipsa dolor atque et odit. Similique voluptatem deleniti quo aut debitis velit voluptatem. Sit officiis voluptates necessitatibus dicta consequuntur in vitae.', 4, '2020-06-17 08:56:39', '2020-06-17 08:56:39'),
(231, 38, 'Ms. Maribel Ebert', 'Debitis ipsam officiis est sed aperiam omnis dolore. Et consectetur culpa dolores quasi sit deserunt molestias. Facilis eum iste ea eos iure.', 1, '2020-06-17 08:56:39', '2020-06-17 08:56:39'),
(232, 60, 'Kasey Thompson', 'Est aperiam enim autem fuga rerum. Accusamus repudiandae aspernatur aut aperiam asperiores eum nisi rem. Adipisci fugiat est voluptate voluptatem quisquam fuga itaque sint.', 4, '2020-06-17 08:56:39', '2020-06-17 08:56:39'),
(233, 73, 'Hyman Beier', 'Assumenda inventore et ea consequatur saepe cumque. Quisquam et tenetur id voluptatem quia perferendis. Voluptatem voluptate non velit illum.', 0, '2020-06-17 08:56:39', '2020-06-17 08:56:39'),
(234, 23, 'Alana Rosenbaum', 'Autem alias quia eum exercitationem soluta. Dolores debitis rerum ea qui. Qui sint ut omnis quibusdam. Optio tempore ea ab rerum asperiores nam quas.', 0, '2020-06-17 08:56:39', '2020-06-17 08:56:39'),
(235, 57, 'Mrs. Roxane Ryan', 'Nostrum quod accusamus officiis corrupti facilis aspernatur. Commodi unde sint et. Beatae sed aut sint enim. Id quia voluptas quisquam rerum qui fuga temporibus.', 5, '2020-06-17 08:56:39', '2020-06-17 08:56:39'),
(236, 46, 'Wyatt Treutel', 'Dolorem officia exercitationem enim molestiae rem sint. Ut eos ea voluptatem earum. Facere unde dolor qui illum quasi. Tempora modi est ut possimus quod.', 5, '2020-06-17 08:56:39', '2020-06-17 08:56:39'),
(237, 119, 'Dayana Thiel I', 'Porro repudiandae inventore ut veritatis qui. Placeat quisquam recusandae quo. Tenetur ut aut vitae doloribus blanditiis eveniet.', 3, '2020-06-17 08:56:39', '2020-06-17 08:56:39'),
(238, 66, 'Giuseppe Rolfson', 'Nihil sunt qui repellat enim. Facilis consectetur maiores consequatur ad perferendis et atque.', 3, '2020-06-17 08:56:39', '2020-06-17 08:56:39'),
(239, 42, 'Hassie Will', 'Molestiae aut nihil voluptatem quam. Consequatur voluptate tempora temporibus ut. Consectetur sit accusamus saepe id. Quidem atque reiciendis eos non beatae modi alias.', 1, '2020-06-17 08:56:39', '2020-06-17 08:56:39'),
(240, 75, 'Ryan Kutch', 'Velit aperiam reiciendis laboriosam delectus itaque modi nihil. Ut neque consectetur et est animi sunt voluptate. Vel in molestiae sint numquam eum rerum.', 0, '2020-06-17 08:56:39', '2020-06-17 08:56:39'),
(241, 109, 'Mr. Wayne Brakus III', 'Nihil officia dolor aspernatur est nesciunt eum perspiciatis dolores. Fugit ipsam vero dolorum non voluptatem cumque. Nihil minima perferendis quia doloribus qui.', 2, '2020-06-17 08:56:39', '2020-06-17 08:56:39'),
(242, 123, 'Mrs. Lilyan Braun DDS', 'Exercitationem veritatis eius sed voluptate nostrum totam eligendi. Omnis totam aut molestias et expedita voluptatem esse quia. Quasi sapiente ut enim velit.', 2, '2020-06-17 08:56:39', '2020-06-17 08:56:39'),
(243, 92, 'Jerad Hoppe', 'Blanditiis at dolor dolorem est perspiciatis. Laboriosam et ea earum magni adipisci est ea exercitationem. Delectus reiciendis sint repudiandae corrupti repudiandae inventore expedita et.', 4, '2020-06-17 08:56:39', '2020-06-17 08:56:39'),
(244, 91, 'Tito Franecki', 'Molestias est ut deserunt quaerat quasi. Qui id tenetur non nam dolores quos provident eaque. Atque aut et molestias ut sed sunt. Non ullam nihil impedit veniam.', 3, '2020-06-17 08:56:39', '2020-06-17 08:56:39'),
(245, 31, 'Mrs. Nannie Kiehn', 'Iste nam maiores eum labore. Et dicta saepe ut eos ut aut. Sint quo aut necessitatibus vitae incidunt vitae nobis.', 3, '2020-06-17 08:56:40', '2020-06-17 08:56:40'),
(246, 44, 'Dr. Wendy Ruecker IV', 'Exercitationem quo ad illum laborum sequi corrupti temporibus ut. Iusto quo quis quibusdam quibusdam libero et. Eaque corporis id in voluptas qui. Aut non enim autem asperiores ut.', 1, '2020-06-17 08:56:40', '2020-06-17 08:56:40'),
(247, 83, 'Reynold Blanda Jr.', 'Id qui enim nostrum sit laudantium sint excepturi. Sequi eos soluta consectetur consequuntur aut laborum. Et repudiandae rem quibusdam unde maxime consequatur alias voluptatem. Incidunt dolore officiis eum consequuntur eos.', 4, '2020-06-17 08:56:40', '2020-06-17 08:56:40'),
(248, 85, 'Gloria Dach V', 'Officia dolor dolor vero quidem voluptate. Nihil cumque dignissimos totam vero et veniam non. Tempora nulla voluptatem labore et.', 2, '2020-06-17 08:56:40', '2020-06-17 08:56:40'),
(249, 64, 'Selmer Schuppe', 'Voluptatem asperiores et explicabo magni suscipit tenetur consequatur atque. Magni iste qui officia earum.', 4, '2020-06-17 08:56:40', '2020-06-17 08:56:40'),
(250, 88, 'Leonie Kuphal', 'Praesentium dolor impedit ipsum amet nisi esse. Eum accusantium rem nihil qui voluptas. Odio atque deleniti ratione ut et ipsam sunt. Quis dolorem totam voluptatibus qui architecto.', 5, '2020-06-17 08:56:40', '2020-06-17 08:56:40'),
(251, 50, 'Leilani McGlynn', 'Veritatis earum est explicabo eum quia. Cupiditate repellendus impedit est suscipit autem. Placeat vero dolorem magnam in.', 2, '2020-06-17 08:56:40', '2020-06-17 08:56:40'),
(252, 67, 'Julius Barrows', 'Quia laborum omnis nihil adipisci velit exercitationem omnis. Beatae est sequi et id sunt tempora. Ex consequatur dolor maiores quas autem facilis sequi esse. A earum voluptate eum sunt quia dolorem sed sed.', 2, '2020-06-17 08:56:40', '2020-06-17 08:56:40'),
(253, 11, 'Cleo Waters V', 'Dolores voluptatem harum voluptas ut quia a. Consequuntur esse nisi veniam facilis et id quam. Alias sed itaque quaerat voluptatem numquam aut assumenda natus.', 1, '2020-06-17 08:56:40', '2020-06-17 08:56:40'),
(254, 43, 'Ms. Diana Bartoletti', 'Cupiditate exercitationem ea ratione corrupti sapiente dolores praesentium. Dolorem voluptatem quibusdam hic est est. Sapiente rerum laboriosam sint voluptatibus ea aut incidunt. Cum error est ut.', 0, '2020-06-17 08:56:40', '2020-06-17 08:56:40'),
(255, 98, 'Madilyn Mante', 'Maxime nihil quos quia. Sed qui dolor optio expedita praesentium dignissimos dolorem. Ipsam sequi neque nam aperiam hic.', 5, '2020-06-17 08:56:40', '2020-06-17 08:56:40'),
(256, 122, 'Ocie Fay Jr.', 'Voluptate fugit sit sint quod recusandae sunt. Magnam sit qui non corrupti quia consequatur rerum enim. Modi voluptatem et quisquam vero maxime quidem. Veniam assumenda assumenda minima ut.', 5, '2020-06-17 08:56:40', '2020-06-17 08:56:40'),
(257, 72, 'Reymundo Christiansen', 'Cumque et nihil porro ut. Amet excepturi reprehenderit quo est minus eum. Deserunt labore repellendus eos magni.', 5, '2020-06-17 08:56:40', '2020-06-17 08:56:40'),
(258, 41, 'Prof. Hildegard O\'Reilly', 'Vel eius ut consequuntur molestiae. Aut itaque molestias voluptas laboriosam sunt repellendus. Nostrum consequatur et quis sit sunt qui odio.', 1, '2020-06-17 08:56:40', '2020-06-17 08:56:40'),
(259, 118, 'Alexane Prohaska', 'Nesciunt ex vitae nobis assumenda quia. Asperiores distinctio autem illum consequatur ea laboriosam saepe labore.', 2, '2020-06-17 08:56:40', '2020-06-17 08:56:40'),
(260, 16, 'Cristian Fritsch II', 'Sed deserunt cum aspernatur explicabo ad tempore asperiores. Ut placeat incidunt in fuga. Quis incidunt non quae sit hic. Aut accusamus magnam ducimus dolor.', 0, '2020-06-17 08:56:40', '2020-06-17 08:56:40'),
(261, 83, 'Prof. Jovani Hudson', 'Delectus inventore dolore aut. Omnis pariatur porro ut. Explicabo neque quia modi excepturi omnis. Beatae delectus porro totam labore ullam molestiae nihil.', 5, '2020-06-17 08:56:40', '2020-06-17 08:56:40'),
(262, 149, 'Karlie Pagac', 'Dolore est qui corrupti hic corrupti consequuntur. Quia natus culpa iusto suscipit numquam fugit quia. Ut molestias quia sapiente magni.', 4, '2020-06-17 08:56:40', '2020-06-17 08:56:40'),
(263, 8, 'Ivah Koepp', 'Quia quae architecto temporibus explicabo aut vero. Voluptas et et perferendis libero aut ab. Provident quod autem qui aut quod expedita.', 1, '2020-06-17 08:56:40', '2020-06-17 08:56:40'),
(264, 33, 'Mr. Holden Anderson I', 'Illum quis minima quis sit magni dolorem alias. Aut unde aliquam inventore laudantium sequi dolore pariatur doloremque. Eos neque eum eveniet est quisquam amet.', 2, '2020-06-17 08:56:40', '2020-06-17 08:56:40'),
(265, 7, 'Tatyana Bruen', 'Beatae neque voluptas aut nisi neque. Repudiandae voluptatem repellendus harum iure non voluptas quis. Ut animi labore earum qui recusandae distinctio. Et iure sunt aliquid nesciunt.', 5, '2020-06-17 08:56:40', '2020-06-17 08:56:40'),
(266, 21, 'Berniece Armstrong', 'Laborum ut ut error hic. Quidem sunt in deleniti deserunt reprehenderit. Dolor ad placeat sit et dolore accusantium. Quidem quaerat et consequatur ipsam et odio.', 0, '2020-06-17 08:56:40', '2020-06-17 08:56:40'),
(267, 54, 'Lela Tromp', 'Odio ab enim alias ut adipisci reiciendis reprehenderit. Eum magni voluptates sunt dolore in beatae sed rerum. Minus doloribus voluptatem ut vel porro sed officia mollitia. Ab unde dolor quos voluptatem sit.', 4, '2020-06-17 08:56:40', '2020-06-17 08:56:40'),
(268, 104, 'Juana Jenkins', 'Velit est perferendis labore delectus odio ipsum. Recusandae nostrum rerum libero optio molestiae. Vel enim sed similique libero sint in dicta. Illo incidunt deleniti error eos.', 4, '2020-06-17 08:56:40', '2020-06-17 08:56:40'),
(269, 137, 'Mikel Flatley', 'Quia sit earum et est. Dolores repellendus iusto eos aperiam nihil similique. Numquam est doloremque aut et.', 0, '2020-06-17 08:56:40', '2020-06-17 08:56:40'),
(270, 97, 'Elody Dare', 'Occaecati necessitatibus laboriosam illum iste nostrum quis. Odit et voluptatibus voluptatem consequatur molestiae. Et culpa iste eos molestiae delectus cum.', 2, '2020-06-17 08:56:40', '2020-06-17 08:56:40'),
(271, 30, 'Daryl Abshire', 'Eum vitae dolores pariatur commodi quia asperiores. Aut blanditiis quos minus sit dolores voluptatem. Accusantium dolores et enim et. Accusamus laborum ducimus necessitatibus hic nostrum.', 1, '2020-06-17 08:56:40', '2020-06-17 08:56:40'),
(272, 33, 'Stefanie Haag', 'Similique neque nobis cupiditate qui dolor alias quia. Non quam autem sunt facilis aut quod sunt. Aut porro veniam dicta consequatur earum officia doloremque.', 5, '2020-06-17 08:56:40', '2020-06-17 08:56:40'),
(273, 43, 'Dr. Orland Fritsch', 'Est deserunt non expedita nam doloremque. Corporis rerum ut harum rerum aut veritatis. Nihil provident itaque optio voluptates ipsam necessitatibus architecto. Est id neque repellat repellendus veniam.', 5, '2020-06-17 08:56:40', '2020-06-17 08:56:40'),
(274, 47, 'Dr. Claudine Brown', 'Ipsa est doloribus voluptate id beatae. Qui et maxime magni aut qui voluptatem.', 4, '2020-06-17 08:56:40', '2020-06-17 08:56:40'),
(275, 26, 'Dr. Bryce Sauer Jr.', 'Dolores magni et odio illum qui tenetur est. Rerum eveniet tenetur quis iusto odit. Atque inventore sequi corporis ipsum.', 5, '2020-06-17 08:56:40', '2020-06-17 08:56:40'),
(276, 8, 'Rex Rice', 'Odio officiis necessitatibus aut deleniti sed placeat modi. Rerum at fugiat officia ut blanditiis. Id odio consequuntur vitae. Odit officia qui nostrum mollitia ut.', 3, '2020-06-17 08:56:40', '2020-06-17 08:56:40'),
(277, 1, 'Barney Witting', 'Voluptas aut magni numquam ullam. Tempore cum doloribus dolor possimus laborum similique. Pariatur nisi animi nesciunt. Vitae est architecto neque pariatur quibusdam deserunt dolore.', 4, '2020-06-17 08:56:40', '2020-06-17 08:56:40'),
(278, 21, 'Ms. Nya Lueilwitz PhD', 'Tempore deserunt repudiandae blanditiis officia in asperiores facilis est. Ea voluptatibus quidem quam aut. Consequatur excepturi non id porro nihil aliquam nemo tempore. Sunt quibusdam veritatis modi qui soluta earum.', 2, '2020-06-17 08:56:40', '2020-06-17 08:56:40'),
(279, 14, 'Miss Lori Emmerich', 'Placeat minus odit doloribus possimus sit. Et illum modi nobis distinctio et quia expedita.', 5, '2020-06-17 08:56:40', '2020-06-17 08:56:40'),
(280, 69, 'Cielo Collier', 'Consequatur cum explicabo debitis aut laboriosam numquam omnis. Et qui dolorem inventore sint est amet. Temporibus harum aut omnis vel molestiae.', 2, '2020-06-17 08:56:40', '2020-06-17 08:56:40'),
(281, 71, 'Mallie Collins MD', 'Iure nobis labore optio facilis consequatur cumque ut velit. Non perferendis sit asperiores et dolor sint et. Ea harum aliquid illo reiciendis nisi quae et. Et et porro ut dolorem.', 0, '2020-06-17 08:56:40', '2020-06-17 08:56:40'),
(282, 19, 'Wayne Klocko', 'Aperiam quidem itaque libero est perspiciatis laudantium aut. Amet voluptas accusamus deleniti facere harum et. Autem eaque ipsa velit et id libero.', 1, '2020-06-17 08:56:40', '2020-06-17 08:56:40'),
(283, 97, 'Anthony Schuster', 'Nisi a eum officia dolorem nesciunt. Blanditiis quia eos incidunt. Ad et aut architecto dolores.', 5, '2020-06-17 08:56:40', '2020-06-17 08:56:40'),
(284, 96, 'Zetta Wintheiser', 'Perspiciatis enim dolorum necessitatibus voluptatem. Sunt laborum maxime repellendus sunt mollitia dicta fugiat qui. Porro iste autem deleniti aut cum mollitia ullam.', 4, '2020-06-17 08:56:41', '2020-06-17 08:56:41'),
(285, 45, 'Milo Kemmer PhD', 'Id molestias consequatur ea esse est tempora quisquam. Dignissimos numquam recusandae eum commodi et debitis. Inventore excepturi error nam consequuntur consequatur optio maiores. Ullam adipisci reprehenderit quidem aut reprehenderit suscipit soluta.', 3, '2020-06-17 08:56:41', '2020-06-17 08:56:41'),
(286, 58, 'Herta Hermann', 'Possimus qui laboriosam possimus aspernatur eos praesentium. Fugit inventore occaecati quis. Vitae id ipsum tempora sunt ab quia et. Eaque minus possimus distinctio sit.', 4, '2020-06-17 08:56:41', '2020-06-17 08:56:41'),
(287, 67, 'Kacie Kshlerin', 'Minima illo illum totam aut unde illo est labore. Explicabo sint consequatur in amet consequuntur recusandae quas sint.', 0, '2020-06-17 08:56:41', '2020-06-17 08:56:41'),
(288, 74, 'Marilou Schuster', 'Debitis ut quas iusto porro aut minus. Dolor sint culpa numquam dolor cumque voluptates aliquam earum. Dolores eveniet facilis dolor eum sunt sint.', 5, '2020-06-17 08:56:41', '2020-06-17 08:56:41'),
(289, 112, 'Mr. Jarvis Hirthe', 'Non aspernatur quia qui occaecati. Autem omnis dolorum accusantium tenetur deserunt amet. Molestiae sunt placeat voluptas enim et et sed. Amet quasi assumenda aut et. Natus autem nisi sunt totam dolor quo quo.', 3, '2020-06-17 08:56:41', '2020-06-17 08:56:41'),
(290, 140, 'Dr. Bridie Rippin IV', 'Nesciunt error laudantium est iure dolorem et error. Et omnis sapiente vel quas qui. Incidunt officiis dolorem quos at dolore qui.', 4, '2020-06-17 08:56:41', '2020-06-17 08:56:41'),
(291, 144, 'Ms. Leta Skiles', 'Et eligendi rerum iusto id unde. Commodi atque autem rem est non itaque aliquam. Voluptates ea esse quia suscipit. Sed sit ex ipsa quis velit.', 1, '2020-06-17 08:56:41', '2020-06-17 08:56:41'),
(292, 85, 'Rosanna Cummerata PhD', 'Placeat expedita cumque earum ipsum quae qui praesentium. Et ut rerum corrupti neque. Repellendus nemo cum dolorum ullam esse quibusdam dolor.', 3, '2020-06-17 08:56:41', '2020-06-17 08:56:41'),
(293, 51, 'Ryan Gleichner', 'Deserunt laborum repellendus doloremque vitae et. Rerum beatae quisquam sint et voluptatibus modi. Sequi aut provident sit architecto totam. Temporibus ut nobis ut fuga beatae.', 2, '2020-06-17 08:56:41', '2020-06-17 08:56:41'),
(294, 65, 'Prof. Kitty Lehner', 'Perspiciatis qui ut reprehenderit odio. Adipisci non nesciunt id perspiciatis omnis dolores. Dolor officiis harum perspiciatis at sint perspiciatis dolores. Magni quo aspernatur molestiae magni alias excepturi.', 2, '2020-06-17 08:56:41', '2020-06-17 08:56:41'),
(295, 124, 'General Wiza Jr.', 'Rem quam eos dolore nam eos. Dolorem voluptas reiciendis quos libero amet id. Iusto nisi asperiores repellat aspernatur perspiciatis.', 1, '2020-06-17 08:56:41', '2020-06-17 08:56:41'),
(296, 81, 'Michele Walsh', 'Tempora omnis qui minima ut voluptates deleniti nulla. Hic mollitia quae veniam qui. Molestiae libero sed et natus laborum.', 2, '2020-06-17 08:56:41', '2020-06-17 08:56:41'),
(297, 2, 'Zelda Balistreri', 'Harum accusamus occaecati voluptates et consequuntur at qui. Mollitia velit doloribus rerum. Dolorem nemo sed voluptate.', 5, '2020-06-17 08:56:41', '2020-06-17 08:56:41'),
(298, 30, 'Ernesto Cummings', 'Iure voluptatem omnis pariatur debitis. Voluptas molestias aut officia eligendi et. Quos culpa provident in consectetur qui. Dolor fuga eligendi ea ad quo.', 4, '2020-06-17 08:56:41', '2020-06-17 08:56:41'),
(299, 98, 'Zena Littel PhD', 'Consequatur aut et commodi ratione provident. Quo ullam laboriosam quia maxime delectus esse alias. Est autem cumque molestiae omnis pariatur. Maiores fuga et deserunt modi.', 5, '2020-06-17 08:56:41', '2020-06-17 08:56:41'),
(300, 5, 'Kelvin Rutherford', 'Modi dolorem inventore amet natus labore rerum et adipisci. Molestiae fugiat commodi qui occaecati.', 4, '2020-06-17 08:56:41', '2020-06-17 08:56:41');

-- --------------------------------------------------------

--
-- Table structure for table `users`
--

CREATE TABLE `users` (
  `id` bigint(20) UNSIGNED NOT NULL,
  `name` varchar(255) COLLATE utf8mb4_unicode_ci NOT NULL,
  `email` varchar(255) COLLATE utf8mb4_unicode_ci NOT NULL,
  `email_verified_at` timestamp NULL DEFAULT NULL,
  `password` varchar(255) COLLATE utf8mb4_unicode_ci NOT NULL,
  `remember_token` varchar(100) COLLATE utf8mb4_unicode_ci DEFAULT NULL,
  `created_at` timestamp NULL DEFAULT NULL,
  `updated_at` timestamp NULL DEFAULT NULL
) ENGINE=InnoDB DEFAULT CHARSET=utf8mb4 COLLATE=utf8mb4_unicode_ci;

--
-- Indexes for dumped tables
--

--
-- Indexes for table `failed_jobs`
--
ALTER TABLE `failed_jobs`
  ADD PRIMARY KEY (`id`);

--
-- Indexes for table `migrations`
--
ALTER TABLE `migrations`
  ADD PRIMARY KEY (`id`);

--
-- Indexes for table `password_resets`
--
ALTER TABLE `password_resets`
  ADD KEY `password_resets_email_index` (`email`);

--
-- Indexes for table `products`
--
ALTER TABLE `products`
  ADD PRIMARY KEY (`id`);

--
-- Indexes for table `reviews`
--
ALTER TABLE `reviews`
  ADD PRIMARY KEY (`id`),
  ADD KEY `reviews_product_id_index` (`product_id`);

--
-- Indexes for table `users`
--
ALTER TABLE `users`
  ADD PRIMARY KEY (`id`),
  ADD UNIQUE KEY `users_email_unique` (`email`);

--
-- AUTO_INCREMENT for dumped tables
--

--
-- AUTO_INCREMENT for table `failed_jobs`
--
ALTER TABLE `failed_jobs`
  MODIFY `id` bigint(20) UNSIGNED NOT NULL AUTO_INCREMENT;

--
-- AUTO_INCREMENT for table `migrations`
--
ALTER TABLE `migrations`
  MODIFY `id` int(10) UNSIGNED NOT NULL AUTO_INCREMENT, AUTO_INCREMENT=6;

--
-- AUTO_INCREMENT for table `products`
--
ALTER TABLE `products`
  MODIFY `id` int(10) UNSIGNED NOT NULL AUTO_INCREMENT, AUTO_INCREMENT=151;

--
-- AUTO_INCREMENT for table `reviews`
--
ALTER TABLE `reviews`
  MODIFY `id` bigint(20) UNSIGNED NOT NULL AUTO_INCREMENT, AUTO_INCREMENT=301;

--
-- AUTO_INCREMENT for table `users`
--
ALTER TABLE `users`
  MODIFY `id` bigint(20) UNSIGNED NOT NULL AUTO_INCREMENT;

--
-- Constraints for dumped tables
--

--
-- Constraints for table `reviews`
--
ALTER TABLE `reviews`
  ADD CONSTRAINT `reviews_product_id_foreign` FOREIGN KEY (`product_id`) REFERENCES `products` (`id`) ON DELETE CASCADE;
COMMIT;

/*!40101 SET CHARACTER_SET_CLIENT=@OLD_CHARACTER_SET_CLIENT */;
/*!40101 SET CHARACTER_SET_RESULTS=@OLD_CHARACTER_SET_RESULTS */;
/*!40101 SET COLLATION_CONNECTION=@OLD_COLLATION_CONNECTION */;
